Workbook

Sheet DATOS GENERALES
A1: FECHA | B1: NOMBRE COMPLETO | C1: ID/CC/DNI | D1: PASAPORTE | E1: PAIS | F1: ESTADO | G1: CIUDAD | H1: DIRECCION | I1: COD POSTAL | J1: CORREO | K1: TELEFONO | L1: PRODUCTO / MATERIAL | M1: MONTO | N1: REF | O1: BANK | P1: LIDER | Q1: CIS/ MANDATE | R1: PASAPORTE + 3 MESES | S1: OBSERVACIONES
A2: 46254 | B2: ALBEIRO ORTIZ MEJIA | C2: 77183485 | D2: DA567684 | E2: COLOMBIA | F2: CESAR | G2: VALLEDUPAR | H2: SECTOR 1 MZ 49-22 URBANIZACION VILLA DARIANA | I2: 200001 | J2: norte0177@hotmail.com | K2: (+57) 3103677798 | L2: 2N | M2: 100000 | N2: M21073904 | O2: NEQUI | P2: ROSE MARY GUERRA | Q2: ENVIADO | R2: VIGENTE
A3: 46217 | B3: ALVARO ANDRES GARCIA BARRANTES | C3: 1141320170 | D3: AS637489 | E3: COLOMBIA | F3: BOGOTA D.C. | G3: BOGOTA | H3: Carrera 85b #56d-37 | I3: 110711 | J3: alvaroyjulian@yahoo.com | K3: (+57) 3155523911 | L3: 2Q+1N | M3: 150000 | N3: M22384304 | O3: NEQUI/COMPARTIDO | P3: ROSE MARY GUERRA | Q3: ENVIADO | R3: N/A
A4: 46256 | B4: CITRE ORTIZ MEJIA | C4: 1065568642 | D4: N/A | E4: COLOMBIA | F4: BOYACA | G4: TUNJA | H4: C 12 #15 A 12 | I4: 150001 | J4: ortizsitri@gmail.com | K4: (+57) 3143402279 | L4: 2Q | M4: 40000 | N4: M26475127 | O4: NEQUI | P4: ROSE MARY GUERRA | Q4: ENVIADO | R4: N/A
A5: 46254 | B5: CONSUELO VILLERO DUARTE | C5: 42499864 | D5: AX298262 | E5: COLOMBIA | F5: CESAR | G5: VALLEDUPAR | H5: CRA 19C 1 CL 6A-46 | I5: 200005 | J5: consuelovillero3.1@gmail.com | K5: (+57) 3167522068 | L5: 2Q | M5: 40000 | N5: M21073904 | O5: NEQUI | P5: ROSE MARY GUERRA | Q5: ENVIADO | R5: VIGENTE
A6: 45921.435 | B6: DANUIL GARCIA RAPALINO | C6: 80025650 | D6: BC443323 | E6: COLOMBIA | F6: BOGOTA D.C. | G6: BOGOTA | H6: CARRERA 85B # 56D - 37 SUR | I6: 110711 | J6: alvaroyjulian@yahoo.com | K6: (+57) 3155523911 | L6: 2Q+3N+5V | M6: 500000 | N6: M3088419 | O6: NEQUI | P6: ROSE MARY GUERRA | Q6: ENVIADO | R6: VIGENTE
A7: 45933 | B7: DANUIL GARCIA RAPALINO | C7: 80025650 | D7: BC443323 | E7: COLOMBIA | F7: BOGOTA D.C. | G7: BOGOTA | H7: CARRERA 85B # 56D - 37 SUR | I7: 110711 | J7: alvaroyjulian@yahoo.com | K7: (+57) 3155523911 | L7: 2Q+3N+2V | M7: 500000 | N7: M44084594 | O7: NEQUI | P7: ROSE MARY GUERRA | Q7: ENVIADO | R7: VIGENTE
A8: 45955 | B8: DANUIL GARCIA RAPALINO | C8: 80025650 | D8: BC443323 | E8: COLOMBIA | F8: BOGOTA D.C. | G8: BOGOTA | H8: CARRERA 85B # 56D - 37 SUR | I8: 110711 | J8: alvaroyjulian@yahoo.com | K8: (+57) 3155523911 | L8: 2Q | M8: 100000 | N8: M15034313 | O8: NEQUI | P8: ROSE MARY GUERRA | Q8: ENVIADO | R8: VIGENTE
A9: 45951 | B9: DANUIL GARCIA RAPALINO | C9: 80025650 | D9: BC443323 | E9: COLOMBIA | F9: BOGOTA D.C. | G9: BOGOTA | H9: CARRERA 85B # 56D - 37 SUR | I9: 110711 | J9: alvaroyjulian@yahoo.com | K9: (+57) 3155523911 | L9: 2N | M9: 150000 | N9: M22384304 | O9: NEQUI/COMPARTIDO | P9: ROSE MARY GUERRA | Q9: ENVIADO | R9: VIGENTE
A10: 46256 | B10: ELBA PONTON QUESADA | C10: 49746653 | D10: AV093244 | E10: COLOMBIA | F10: CESAR | G10: CHIRIGUANA | H10: CL 8A No. 5-66 | I10: 201020 | J10: elponque90@gmail.com | K10: (+57) 3233111264 | L10: 2Q | M10: 40000 | N10: M26475127 | O10: NEQUI | P10: ROSE MARY GUERRA | Q10: ENVIADO | R10: VIGENTE
A11: 45925.62 | B11: ELIZABETH AMPUDIA DE GUZMAN | C11: 22367580 | D11: N/A | E11: COLOMBIA | F11: CESAR | G11: AGUSTIN CODAZZI | H11: CALLE 11C # 11-31 BARRIO LAS FLORES | I11: 202050 | J11: ampudia1946@gmail.com | K11: (+57) 3172467537 | L11: 1N | M11: 150000 | N11: M25054322 | O11: NEQUI | P11: ROSE MARY GUERRA | Q11: ENVIADO | R11: N/A
A12: 46258 | B12: FAUSTINO ANTONIO URINA BARRIOS | C12: 77007208 | D12: BD006056 | E12: COLOMBIA | F12: CESAR | G12: VALLEDUPAR | H12: CARRERA 4 L CALLE 21 BIS -53 SANTA RITA | I12: 200001 | J12: faustinourina1957@gmail.com | K12: (+57) 3166821674 | L12: 2Q | M12: 40000 | N12: M07302739 | O12: NEQUI | P12: ROSE MARY GUERRA | Q12: ENVIADO
A13: 45914.498 | B13: GARY LAINEXER LOPEZ LOPEZ | C13: 1064794667 | D13: DA563011 | E13: COLOMBIA | F13: CESAR | G13: CURUMANI | H13: CL 10 # 2-46 BARRIO SARA LUCIA. | I13: 203060 | J13: abogadolopez91@gmail.com | K13: (+57) 3145061971 | L13: 1Q+1N+1V | M13: 200000 | N13: 0000094094 | O13: BANCOLOMBIA | P13: ROSE MARY GUERRA | Q13: PENDIENTE | R13: VIGENTE | S13: EDITAR CC
A14: 45916.67 | B14: JANETH DEL CARMEN CARDONA GONZALEZ | C14: 36489475 | D14: BF987761 | E14: COLOMBIA | F14: BOGOTA D.C. | G14: BOGOTA | H14: CALLE 64 C 103 A 20 | I14: 1011071 | J14: janethcardonagonzalez@gmail.com | K14: (+57) 3115535602 | L14: 1Q+1N+2V | M14: 200000 | N14: M2915327 | O14: NEQUI | P14: ROSE MARY GUERRA | Q14: ENVIADO | R14: VIGENTE
A15: 46021 | B15: JUAN CARLOS MORENO MENA | C15: 11806832 | D15: AV079717 | E15: COLOMBIA | F15: ANTIOQUIA | G15: MEDELLÍN | H15: CALLE 61 #75-153 BARRIO SAN GERMAN | I15: 050001 | J15: jmencar0048@gmail.com | K15: (+57) 3233020171 | L15: 1N | M15: 0 | N15: GANADOR SORTEO | O15: PREMIO | P15: ROSE MARY GUERRA | Q15: ENVIADO | R15: VIGENTE
A16: 45986 | B16: JULIÁN ALBERTO TRIANA TORRES | C16: 5822467 | D16: AT893525 | E16: COLOMBIA | F16: TOLIMA | G16: IBAGUE | H16: MZ C CASA 17 ALBANIA 2 IBAGUÉ | I16: 770001 | J16: canizaresrafael226@gmail.com | K16: (+57) 3145194427 | L16: 1Q+1N+1V | M16: 200000 | N16: M02509188 | O16: NEQUI | P16: ROSE MARY GUERRA | Q16: ENVIADO | R16: VIGENTE
A17: 45944.538 | B17: LINDA LISETH LOPEZ LOPEZ | C17: 1007218151 | D17: N/A | E17: COLOMBIA | F17: CESAR | G17: VALLEDUPAR | H17: CARRERA 5 # 1-115 | I17: 201050 | J17: lisethlopez215@gmail.com | K17: (+57) 3107404635 | L17: 2Q+3N+2V | M17: 300000 | N17: M17720316 | O17: NEQUI | P17: ROSE MARY GUERRA | Q17: ENVIADO | R17: N/A
A18: 45930.382 | B18: MILENA JANETH BARRANTES GONZALEZ | C18: 52842631 | D18: BC443544 | E18: COLOMBIA | F18: BOGOTA D.C. | G18: BOGOTA | H18: KR 85B NO 56D SUR -37 PI 3 | I18: 110711 | J18: milenaybebegarcia@yahoo.es | K18: (+57) 3163420286 | L18: 1Q+1N+2V | M18: 200000 | N18: M3037172 | O18: NEQUI | P18: ROSE MARY GUERRA | Q18: ENVIADO | R18: VIGENTE
A19: 45925.72 | B19: NEY TRESPALACIOS CENTENO | C19: 12565504 | D19: BA789824 | E19: COLOMBIA | F19: BOGOTA D.C. | G19: BOGOTA | H19: CALLE 48 A SUR 87 D 49 | I19: 110711 | J19: neytrescent1@gmail.com | K19: (+57) 3242114160 | L19: 1N | M19: 165163 | N19: 388636266411237376 | O19: BINANCE | P19: ROSE MARY GUERRA | Q19: ENVIADO | R19: VIGENTE
A20: 46254 | B20: NEY TRESPALACIOS CENTENO | C20: 12565504 | D20: BA789824 | E20: COLOMBIA | F20: BOGOTA D.C. | G20: BOGOTA | H20: CALLE 48 A SUR 87 D 49 | I20: 110711 | J20: neytrescent1@gmail.com | K20: (+57) 3242114160 | L20: 2Q | M20: 40000 | N20: M21073904 | O20: NEQUI | P20: ROSE MARY GUERRA | Q20: ENVIADO | R20: VIGENTE
A21: 46254 | B21: NIDIA BARRIOS AREVALO | C21: 55301171 | D21: N/A | E21: COLOMBIA | F21: CESAR | G21: CHIMICHAGUA | H21: CR 9 # 5 - 46 | I21: 201050 | J21: nidiajudithbarros@hotmail.com | K21: (+57) 3182159627 | L21: 2Q | M21: 40000 | N21: M21073904 | O21: NEQUI | P21: ROSE MARY GUERRA | Q21: ENVIADO | R21: N/A
A22: 45924.308 | B22: NORIS GARCIA CENTENO | C22: 49744118 | D22: BE242467 | E22: COLOMBIA | F22: BOGOTA D.C. | G22: BOGOTA | H22: CL 83 SUR TORRE 10 91 -70 APT 503 | I22: 110711 | J22: norisgarciac1@gmail.com | K22: (+57) 3009583927 | L22: 1N | M22: 150000 | N22: M10925224 | O22: NEQUI | P22: ROSE MARY GUERRA | Q22: ENVIADO | R22: VIGENTE
A23: 46254 | B23: NORIS GARCIA CENTENO | C23: 49744118 | D23: BE242467 | E23: COLOMBIA | F23: BOGOTA D.C. | G23: BOGOTA | H23: CL 83 SUR TORRE 10 91 -70 APT 503 | I23: 110711 | J23: norisgarciac1@gmail.com | K23: (+57) 3009583927 | L23: 2Q | M23: 40000 | N23: M21073904 | O23: NEQUI | P23: ROSE MARY GUERRA | Q23: ENVIADO | R23: VIGENTE
A24: 45923.337 | B24: PEDRO MANUEL GALEZO LEON | C24: 12584024 | D24: BA875408 | E24: COLOMBIA | F24: BOGOTA D.C. | G24: BOGOTA | H24: CL 83 SUR TORRE 10 91 -70 APT 503 | I24: 110711 | J24: pedritogazelo@gmail.com | K24: (+57) 3212699441 | L24: 1N | M24: 150000 | N24: M24783398 | O24: NEQUI | P24: ROSE MARY GUERRA | Q24: ENVIADO | R24: VIGENTE
A25: 46254 | B25: PEDRO MANUEL GALEZO LEON | C25: 12584024 | D25: BA875408 | E25: COLOMBIA | F25: BOGOTA D.C. | G25: BOGOTA | H25: CL 83 SUR TORRE 10 91 -70 APT 503 | I25: 110711 | J25: pedritogazelo@gmail.com | K25: (+57) 3212699441 | L25: 2Q | M25: 40000 | N25: M21073904 | O25: NEQUI | P25: ROSE MARY GUERRA | Q25: ENVIADO | R25: VIGENTE
A26: 45707 | B26: ROSE MARY GUERRA DE TRESPALACIOS | C26: 49736536 | D26: BA789825 | E26: COLOMBIA | F26: BOGOTA D.C. | G26: BOGOTA | H26: KRA 100 50 B 45 SUR SENDEROS DE PORVENIR IV | I26: 110711 | J26: maryrossyg@gmail.com | K26: (+57) 3044735211 | L26: 1Q | M26: 100000 | N26: M4818089 | O26: NEQUI | P26: ROSE MARY GUERRA | Q26: ENVIADO | R26: VIGENTE
A27: 45968 | B27: ROSE MARY GUERRA DE TRESPALACIOS | C27: 49736536 | D27: BA789825 | E27: COLOMBIA | F27: BOGOTA D.C. | G27: BOGOTA | H27: KRA 100 50 B 45 SUR SENDEROS DE PORVENIR IV | I27: 110711 | J27: maryrossyg@gmail.com | K27: (+57) 3044735211 | L27: 8V | M27: 0 | N27: 25 SEP - 4 NOV | O27: N/A | P27: ROSE MARY GUERRA | Q27: ENVIADO | R27: VIGENTE
A28: 46254 | B28: ROSE MARY GUERRA DE TRESPALACIOS | C28: 49736536 | D28: BA789825 | E28: COLOMBIA | F28: BOGOTA D.C. | G28: BOGOTA | H28: KRA 100 50 B 45 SUR SENDEROS DE PORVENIR IV | I28: 110711 | J28: maryrossyg@gmail.com | K28: (+57) 3044735211 | L28: 2Q | M28: 40000 | N28: M21073904 | O28: NEQUI | P28: ROSE MARY GUERRA | Q28: ENVIADO | R28: VIGENTE
A29: 45948.305 | B29: TOMAS FELIPE PADILLA HERRERA | C29: 1128442528 | D29: N/A | E29: COLOMBIA | F29: ATLANTICO | G29: MALAMBO | H29: CL 4 A5 CR 1A - 21 | I29: 83020 | J29: t-padilla@hotmail.com | K29: (+57) 3003879826 | L29: 1Q+1N+1V | M29: 200000 | N29: M1470338 | O29: NEQUI | P29: ROSE MARY GUERRA | Q29: ENVIADO | R29: N/A
A30: 45932.571 | B30: TOMAS RAFAEL PADILLA PEREZ | C30: 5013580 | D30: N/A | E30: COLOMBIA | F30: ATLANTICO | G30: MALAMBO | H30: KR 14 CL 16 - 34 | I30: 83021 | J30: topa.2310@hotmail.com | K30: (+57) 3015483541 | L30: 1Q+1N+1V | M30: 200000 | N30: M23098979 | O30: NEQUI | P30: ROSE MARY GUERRA | Q30: ENVIADO | R30: N/A
A31: 46273 | B31: JIMMY JOSE ROJAS GONZALEZ | C31: 5155754 | D31: 195899836 | E31: COLOMBIA | F31: BOGOTA D.C. | G31: BOGOTA D.C. | H31: CALLE 12 SUR#18 ESTE 95 IN 3 AP 202 BOGOTA, D.C.- SAN CRISTOBAL SUR | I31: 110411 | J31: jr8587300@gmail.com | K31: (+57) 3003136798 | L31: 2Q | M31: CAJA | N31: M10388785 | O31: NEQUI | P31: ROSE MARY GUERRA | Q31: ENVIADO | R31: VIGENTE
A32: 46273 | B32: LUIS ENRIQUE ROJAS MIJARES | C32: 6595270 | D32: 169903547 | E32: COLOMBIA | F32: BOGOTA D.C. | G32: BOGOTA D.C. | H32: CALLE 12 SUR # 18 ESTE 95 IN 3 AP 202 BOGOTA D.C. SAN CRISTOBAL SUR | I32: 110411 | J32: leoyubra.2015@gmail.com | K32: (+57) 3126282223 | L32: 2Q | M32: CAJA | N32: M14832135 | O32: NEQUI | P32: ROSE MARY GUERRA | Q32: ENVIADO | R32: VIGENTE
A33: 46273 | B33: JOSE GREGORIO BARRIOS ALVAREZ | C33: 1123413023 | D33: BA197825 | E33: COLOMBIA | F33: ATLÁNTICO | G33: SABANA LARGA | H33: CALLE 15 KR 11 - 181 SABANA LARGA | I33: 085001 | J33: dgogoyo2@gmail.com | K33: (+57) 3223722975 | L33: 2Q | M33: CAJA | N33: M14832135 | O33: NEQUI | P33: ROSE MARY GUERRA | Q33: ENVIADO
A34: 46273 | B34: CESAR MIGUEL VIELMA TAPIA | C34: 29877976 | D34: N/A | E34: VENEZUELA | F34: ZULIA | G34: MARACAIBO | H34: SECTOR LA MACANDOLA AV 77 CONJUNTO RESIDENCIAL CAMPO VERDE APARTAMENTO 02 | I34: 4001 | J34: CATAMARAVIT@GMAIL.COM | K34: (+58) 4123403570 | L34: 2Q | M34: CAJA | N34: M14832135 | O34: NEQUI | P34: ROSE MARY GUERRA | Q34: PENDIENTE
A35: 46273 | B35: MANUEL ANTONIO TAPIA | C35: R95246765 | D35: N/A | E35: EEUU | F35: ARIZONA | G35: ARIZONA | H35: 1770 N VALLEY Dr LOT 27 APACHE JUNCTION AZ 85120-1972 | I35: 85120 | J35: tapiamanuel1965@gmail.com | K35: (+1) 6232246918 | L35: 2Q | M35: CAJA | N35: M14832135 | O35: NEQUI | P35: ROSE MARY GUERRA | Q35: PENDIENTE
A36: 46274 | B36: FATIMA DEL ROSARIO BOLAÑO MENDOZA | C36: 49738305 | D36: BD586068 | E36: COLOMBIA | F36: CUNDINAMARCA | G36: BOGOTA | H36: CALLE 52 79B-43 | I36: 110110 | J36: fabome49@gmail.com | K36: (+57) 3012467169 | L36: 2Q | M36: CAJA | N36: M09714505 | O36: NEQUI | P36: ROSE MARY GUERRA | Q36: PENDIENTE | S36: SIN REGISTRO
A37: 46275 | B37: MÓNICA MIREYA ARZUAGA MEJIA | C37: 49742885 | D37: BF286801 | E37: COLOMBIA | F37: CESAR | G37: VALLEDUPAR | H37: CALLE 5 KRR 19-57 | I37: 200001 | J37: monicaarzuagamejia@gmail.com | K37: (+57) 3015014046 | L37: 2Q | M37: CAJA | N37: M12454187 | O37: NEQUI | P37: ROSE MARY GUERRA | Q37: PENDIENTE | S37: SIN REGISTRO
A38: 46276 | B38: MARIA ELENA DAZA DE LOPEZ | C38: 41524891 | D38: BF134948 | E38: COLOMBIA | F38: CESAR | G38: VALLEDUPAR | H38: CARRERA 52 CALLE 86-97 APTO 801 | I38: 200001 | J38: mariaelenadazamae2@gmail.com | K38: (+57) 3013236059 | L38: 2Q | M38: CAJA | N38: M04778616 | O38: NEQUI | P38: ROSE MARY GUERRA | Q38: PENDIENTE | S38: SIN REGISTRO
A39: 46279 | B39: ALEJANDRO JAVIER SAAVEDRA TRIVIÑO | C39: 94448731 | D39: BH376870 | E39: COLOMBIA | F39: META | G39: VILLAVICENCIO | H39: CR 13 E # 36 231 CS 106 CON BOSQUES DE ABAJAM ET 3 | I39: 500001 | J39: saavedraalejandrojavier@gmail.com | K39: (+57) 3215176496 | L39: 2V | M39: CAJA | N39: M15170314 | O39: NEQUI | P39: ROSE MARY GUERRA | Q39: ENVIADO | R39: VIGENTE

Sheet Hoja1
E1: NOMBRE COMPLETO
E2: ALBEIRO ORTIZ MEJIA
E3: ALVARO ANDRES GARCIA BARRANTES
E4: CITRE ORTIZ MEJIA
E5: CONSUELO VILLERO DUARTE
E6: DANUIL GARCIA RAPALINO
E7: ELBA PONTON QUESADA
E8: ELIZABETH AMPUDIA DE GUZMAN
E9: FAUSTINO ANTONIO URINA BARRIOS
E10: GARY LAINEXER LOPEZ LOPEZ
E11: JANETH DEL CARMEN CARDONA GONZALEZ
E12: JUAN CARLOS MORENO MENA
... E30: MARIA ELENA DAZA DE LOPEZ

Sheet MATRIZ LISTADO
N3: SI | O3: FIDUCIA
N4: NO | O4: NUBE
C16: LIDER: | D16: ROSE MARY GUERRA
B18: CC-ID-DNI | C18: NOMBRE | D18: QUINTILLION 5M | F18: NONGENTILLION 10M | H18: VIGINTILLION 7,5M | J18: USD | K18: TOTAL -10% | L18: 1% PAGO INICIAL | M18: FIDUCIA | N18: NUBE | O18: SKR SI/NO | P18: FIDUCIA/NUBE | Q18: PORCENTAJES | T18: TOTAL
A19: LISTA | B19: CC-ID-DNI | C19: NOMBRE | D19: CANT | E19: MONTO | F19: CANT2 | G19: MONTO2 | H19: CANT3 | I19: MONTO3 | J19: USD | K19: TOTAL -10% | L19: 1% PAGO INICIAL | M19: % FIDUCIA | N19: % NUBE | O19: SKR SI/NO | P19: FIDUCIA/NUBE | Q19: BANCO | R19: FIDUCIA | S19: NUBE | T19: 100%
A20: 1 | B20: PENDIENTE | C20: ALBEIRO ORTIZ MEJIA | F20: 2 | G20: =(Tabla3[[#This Row],[CANT2]]*10000000) -> 20000000 | J20: =(Tabla3[[#This Row],[MONTO]]+Tabla3[[#This Row],[MONTO2]]+Tabla3[[#This Row],[MONTO3]]) -> 20000000 | K20: =J20-(J20*10%) -> 18000000 | L20: =(K20*1%) -> 180000 | M20: =(Tabla3[[#This Row],[TOTAL -10%]]*Tabla3[[#This Row],[FIDUCIA]]) -> 0 | N20: =(Tabla3[[#This Row],[TOTAL -10%]]*Tabla3[[#This Row],[NUBE]]) -> 0 | O20: SI | Q20: 0.01 | T20: =SUM(Q20:S20) -> 0.01 | U20: =IF(T20="","",IF(T20=100%,"OK","ERROR")) -> ERROR
A21: =(A20+1) -> 2 | B21: 1141320170 | C21: ALVARO ANDRES GARCIA BARRANTES | D21: 2 | E21: =(Tabla3[[#This Row],[CANT]]*5000000) -> 10000000 | F21: 1 | G21: =(Tabla3[[#This Row],[CANT2]]*10000000) -> 10000000 | J21: =(Tabla3[[#This Row],[MONTO]]+Tabla3[[#This Row],[MONTO2]]+Tabla3[[#This Row],[MONTO3]]) -> 20000000 | K21: =J21-(J21*10%) -> 18000000 | L21: =(K21*1%) -> 180000 | M21: =(Tabla3[[#This Row],[TOTAL -10%]]*Tabla3[[#This Row],[FIDUCIA]]) -> 0 | N21: =(Tabla3[[#This Row],[TOTAL -10%]]*Tabla3[[#This Row],[NUBE]]) -> 0 | O21: SI | Q21: 0.01 | T21: =SUM(Q21:S21) -> 0.01 | U21: =IF(T21="","",IF(T21=100%,"OK","ERROR")) -> ERROR
A22: =(A21+1) -> 3 | B22: 1065568642 | C22: CITRE ORTIZ MEJIA | D22: 2 | E22: =(Tabla3[[#This Row],[CANT]]*5000000) -> 10000000 | J22: =(Tabla3[[#This Row],[MONTO]]+Tabla3[[#This Row],[MONTO2]]+Tabla3[[#This Row],[MONTO3]]) -> 10000000 | K22: =J22-(J22*10%) -> 9000000 | L22: =(K22*1%) -> 90000 | M22: =(Tabla3[[#This Row],[TOTAL -10%]]*Tabla3[[#This Row],[FIDUCIA]]) -> 8910000 | N22: =(Tabla3[[#This Row],[TOTAL -10%]]*Tabla3[[#This Row],[NUBE]]) -> 0 | O22: SI | P22: FIDUCIA | Q22: 0.01 | R22: 0.99 | T22: =SUM(Q22:S22) -> 1 | U22: =IF(T22="","",IF(T22=100%,"OK","ERROR")) -> OK
A23: =(A22+1) -> 4 | B23: PENDIENTE | C23: CONSUELO VILLERO DUARTE | D23: 2 | E23: =(Tabla3[[#This Row],[CANT]]*5000000) -> 10000000 | J23: =(Tabla3[[#This Row],[MONTO]]+Tabla3[[#This Row],[MONTO2]]+Tabla3[[#This Row],[MONTO3]]) -> 10000000 | K23: =J23-(J23*10%) -> 9000000 | L23: =(K23*1%) -> 90000 | M23: =(Tabla3[[#This Row],[TOTAL -10%]]*Tabla3[[#This Row],[FIDUCIA]]) -> 0 | N23: =(Tabla3[[#This Row],[TOTAL -10%]]*Tabla3[[#This Row],[NUBE]]) -> 0 | O23: SI | Q23: 0.01 | T23: =SUM(Q23:S23) -> 0.01 | U23: =IF(T23="","",IF(T23=100%,"OK","ERROR")) -> ERROR
A24: =(A23+1) -> 5 | B24: 80025650 | C24: DANUIL GARCIA RAPALINO | D24: 6 | E24: =(Tabla3[[#This Row],[CANT]]*5000000) -> 30000000 | F24: 8 | G24: =(Tabla3[[#This Row],[CANT2]]*10000000) -> 80000000 | H24: 7 | I24: =(Tabla3[[#This Row],[CANT3]]*7500000) -> 52500000 | J24: =(Tabla3[[#This Row],[MONTO]]+Tabla3[[#This Row],[MONTO2]]+Tabla3[[#This Row],[MONTO3]]) -> 162500000 | K24: =J24-(J24*10%) -> 146250000 | L24: =(K24*1%) -> 1462500 | M24: =(Tabla3[[#This Row],[TOTAL -10%]]*Tabla3[[#This Row],[FIDUCIA]]) -> 0 | N24: =(Tabla3[[#This Row],[TOTAL -10%]]*Tabla3[[#This Row],[NUBE]]) -> 0 | O24: SI | Q24: 0.01 | T24: =SUM(Q24:S24) -> 0.01 | U24: =IF(T24="","",IF(T24=100%,"OK","ERROR")) -> ERROR
A25: =(A24+1) -> 6 | B25: 49746653 | C25: ELBA PONTON QUESADA | D25: 2 | E25: =(Tabla3[[#This Row],[CANT]]*5000000) -> 10000000 | J25: =(Tabla3[[#This Row],[MONTO]]+Tabla3[[#This Row],[MONTO2]]+Tabla3[[#This Row],[MONTO3]]) -> 10000000 | K25: =J25-(J25*10%) -> 9000000 | L25: =(K25*1%) -> 90000 | M25: =(Tabla3[[#This Row],[TOTAL -10%]]*Tabla3[[#This Row],[FIDUCIA]]) -> 0 | N25: =(Tabla3[[#This Row],[TOTAL -10%]]*Tabla3[[#This Row],[NUBE]]) -> 0 | O25: SI | Q25: 0.01 | T25: =SUM(Q25:S25) -> 0.01 | U25: =IF(T25="","",IF(T25=100%,"OK","ERROR")) -> ERROR
A26: =(A25+1) -> 7 | B26: 22367580 | C26: ELIZABETH AMPUDIA DE GUZMAN | F26: 1 | G26: =(Tabla3[[#This Row],[CANT2]]*10000000) -> 10000000 | J26: =(Tabla3[[#This Row],[MONTO]]+Tabla3[[#This Row],[MONTO2]]+Tabla3[[#This Row],[MONTO3]]) -> 10000000 | K26: =J26-(J26*10%) -> 9000000 | L26: =(K26*1%) -> 90000 | M26: =(Tabla3[[#This Row],[TOTAL -10%]]*Tabla3[[#This Row],[FIDUCIA]]) -> 8910000 | N26: =(Tabla3[[#This Row],[TOTAL -10%]]*Tabla3[[#This Row],[NUBE]]) -> 0 | O26: SI | P26: FIDUCIA | Q26: 0.01 | R26: 0.99 | T26: =SUM(Q26:S26) -> 1 | U26: =IF(T26="","",IF(T26=100%,"OK","ERROR")) -> OK
A27: =(A26+1) -> 8 | B27: PENDIENTE | C27: FAUSTINO ANTONIO URINA BARRIOS | D27: 2 | E27: =(Tabla3[[#This Row],[CANT]]*5000000) -> 10000000 | J27: =(Tabla3[[#This Row],[MONTO]]+Tabla3[[#This Row],[MONTO2]]+Tabla3[[#This Row],[MONTO3]]) -> 10000000 | K27: =J27-(J27*10%) -> 9000000 | L27: =(K27*1%) -> 90000 | M27: =(Tabla3[[#This Row],[TOTAL -10%]]*Tabla3[[#This Row],[FIDUCIA]]) -> 0 | N27: =(Tabla3[[#This Row],[TOTAL -10%]]*Tabla3[[#This Row],[NUBE]]) -> 0 | O27: SI | Q27: 0.01 | T27: =SUM(Q27:S27) -> 0.01 | U27: =IF(T27="","",IF(T27=100%,"OK","ERROR")) -> ERROR
A28: =(A27+1) -> 9 | B28: 1064794667 | C28: GARY LAINEXER LOPEZ LOPEZ | D28: 1 | E28: =(Tabla3[[#This Row],[CANT]]*5000000) -> 5000000 | F28: 1 | G28: =(Tabla3[[#This Row],[CANT2]]*10000000) -> 10000000 | H28: 1 | I28: =(Tabla3[[#This Row],[CANT3]]*7500000) -> 7500000 | J28: =(Tabla3[[#This Row],[MONTO]]+Tabla3[[#This Row],[MONTO2]]+Tabla3[[#This Row],[MONTO3]]) -> 22500000 | K28: =J28-(J28*10%) -> 20250000 | L28: =(K28*1%) -> 202500 | M28: =(Tabla3[[#This Row],[TOTAL -10%]]*Tabla3[[#This Row],[FIDUCIA]]) -> 20047500 | N28: =(Tabla3[[#This Row],[TOTAL -10%]]*Tabla3[[#This Row],[NUBE]]) -> 0 | O28: SI | P28: FIDUCIA | Q28: 0.01 | R28: 0.99 | T28: =SUM(Q28:S28) -> 1 | U28: =IF(T28="","",IF(T28=100%,"OK","ERROR")) -> OK
A29: =(A28+1) -> 10 | B29: 36489475 | C29: JANETH DEL CARMEN CARDONA GONZALEZ | D29: 1 | E29: =(Tabla3[[#This Row],[CANT]]*5000000) -> 5000000 | F29: 1 | G29: =(Tabla3[[#This Row],[CANT2]]*10000000) -> 10000000 | H29: 2 | J29: =(Tabla3[[#This Row],[MONTO]]+Tabla3[[#This Row],[MONTO2]]+Tabla3[[#This Row],[MONTO3]]) -> 15000000 | K29: =J29-(J29*10%) -> 13500000 | L29: =(K29*1%) -> 135000 | M29: =(Tabla3[[#This Row],[TOTAL -10%]]*Tabla3[[#This Row],[FIDUCIA]]) -> 0 | N29: =(Tabla3[[#This Row],[TOTAL -10%]]*Tabla3[[#This Row],[NUBE]]) -> 0 | O29: SI | Q29: 0.01 | T29: =SUM(Q29:S29) -> 0.01 | U29: =IF(T29="","",IF(T29=100%,"OK","ERROR")) -> ERROR
A30: =(A29+1) -> 11 | B30: 11806832 | C30: JUAN CARLOS MORENO MENA | F30: 1 | G30: =(Tabla3[[#This Row],[CANT2]]*10000000) -> 10000000 | J30: =(Tabla3[[#This Row],[MONTO]]+Tabla3[[#This Row],[MONTO2]]+Tabla3[[#This Row],[MONTO3]]) -> 10000000 | K30: =J30-(J30*10%) -> 9000000 | L30: =(K30*1%) -> 90000 | M30: =(Tabla3[[#This Row],[TOTAL -10%]]*Tabla3[[#This Row],[FIDUCIA]]) -> 0 | N30: =(Tabla3[[#This Row],[TOTAL -10%]]*Tabla3[[#This Row],[NUBE]]) -> 0 | O30: SI | Q30: 0.01 | T30: =SUM(Q30:S30) -> 0.01 | U30: =IF(T30="","",IF(T30=100%,"OK","ERROR")) -> ERROR
A31: =(A30+1) -> 12 | B31: 5822467 | C31: JULIÁN ALBERTO TRIANA TORRES | D31: 1 | E31: =(Tabla3[[#This Row],[CANT]]*5000000) -> 5000000 | F31: 1 | G31: =(Tabla3[[#This Row],[CANT2]]*10000000) -> 10000000 | H31: 1 | I31: =(Tabla3[[#This Row],[CANT3]]*7500000) -> 7500000 | J31: =(Tabla3[[#This Row],[MONTO]]+Tabla3[[#This Row],[MONTO2]]+Tabla3[[#This Row],[MONTO3]]) -> 22500000 | K31: =J31-(J31*10%) -> 20250000 | L31: =(K31*1%) -> 202500 | M31: =(Tabla3[[#This Row],[TOTAL -10%]]*Tabla3[[#This Row],[FIDUCIA]]) -> 0 | N31: =(Tabla3[[#This Row],[TOTAL -10%]]*Tabla3[[#This Row],[NUBE]]) -> 0 | O31: SI | Q31: 0.01 | T31: =SUM(Q31:S31) -> 0.01 | U31: =IF(T31="","",IF(T31=100%,"OK","ERROR")) -> ERROR
A32: =(A31+1) -> 13 | B32: 1007218151 | C32: LINDA LISETH LÓPEZ LÓPEZ | D32: 2 | E32: =(Tabla3[[#This Row],[CANT]]*5000000) -> 10000000 | F32: 3 | G32: =(Tabla3[[#This Row],[CANT2]]*10000000) -> 30000000 | H32: 2 | I32: =(Tabla3[[#This Row],[CANT3]]*7500000) -> 15000000 | J32: =(Tabla3[[#This Row],[MONTO]]+Tabla3[[#This Row],[MONTO2]]+Tabla3[[#This Row],[MONTO3]]) -> 55000000 | K32: =J32-(J32*10%) -> 49500000 | L32: =(K32*1%) -> 495000 | M32: =(Tabla3[[#This Row],[TOTAL -10%]]*Tabla3[[#This Row],[FIDUCIA]]) -> 49005000 | N32: =(Tabla3[[#This Row],[TOTAL -10%]]*Tabla3[[#This Row],[NUBE]]) -> 0 | O32: SI | P32: FIDUCIA | Q32: 0.01 | R32: 0.99 | T32: =SUM(Q32:S32) -> 1 | U32: =IF(T32="","",IF(T32=100%,"OK","ERROR")) -> OK
A33: =(A32+1) -> 14 | B33: 52842631 | C33: MILENA JANETH BARRANTES GONZALEZ | D33: 1 | E33: =(Tabla3[[#This Row],[CANT]]*5000000) -> 5000000 | F33: 1 | G33: =(Tabla3[[#This Row],[CANT2]]*10000000) -> 10000000 | H33: 2 | I33: =(Tabla3[[#This Row],[CANT3]]*7500000) -> 15000000 | J33: =(Tabla3[[#This Row],[MONTO]]+Tabla3[[#This Row],[MONTO2]]+Tabla3[[#This Row],[MONTO3]]) -> 30000000 | K33: =J33-(J33*10%) -> 27000000 | L33: =(K33*1%) -> 270000 | M33: =(Tabla3[[#This Row],[TOTAL -10%]]*Tabla3[[#This Row],[FIDUCIA]]) -> 0 | N33: =(Tabla3[[#This Row],[TOTAL -10%]]*Tabla3[[#This Row],[NUBE]]) -> 0 | O33: SI | Q33: 0.01 | T33: =SUM(Q33:S33) -> 0.01 | U33: =IF(T33="","",IF(T33=100%,"OK","ERROR")) -> ERROR
A34: =(A33+1) -> 15 | B34: 12565504 | C34: NEY TRESPALACIOS CENTENO | D34: 2 | E34: =(Tabla3[[#This Row],[CANT]]*5000000) -> 10000000 | F34: 1 | G34: =(Tabla3[[#This Row],[CANT2]]*10000000) -> 10000000 | J34: =(Tabla3[[#This Row],[MONTO]]+Tabla3[[#This Row],[MONTO2]]+Tabla3[[#This Row],[MONTO3]]) -> 20000000 | K34: =J34-(J34*10%) -> 18000000 | L34: =(K34*1%) -> 180000 | M34: =(Tabla3[[#This Row],[TOTAL -10%]]*Tabla3[[#This Row],[FIDUCIA]]) -> 0 | N34: =(Tabla3[[#This Row],[TOTAL -10%]]*Tabla3[[#This Row],[NUBE]]) -> 0 | O34: SI | Q34: 0.01 | T34: =SUM(Q34:S34) -> 0.01 | U34: =IF(T34="","",IF(T34=100%,"OK","ERROR")) -> ERROR
A35: =(A34+1) -> 16 | B35: 55301171 | C35: NIDIA BARRIOS AREVALO | D35: 2 | E35: =(Tabla3[[#This Row],[CANT]]*5000000) -> 10000000 | J35: =(Tabla3[[#This Row],[MONTO]]+Tabla3[[#This Row],[MONTO2]]+Tabla3[[#This Row],[MONTO3]]) -> 10000000 | K35: =J35-(J35*10%) -> 9000000 | L35: =(K35*1%) -> 90000 | M35: =(Tabla3[[#This Row],[TOTAL -10%]]*Tabla3[[#This Row],[FIDUCIA]]) -> 8910000 | N35: =(Tabla3[[#This Row],[TOTAL -10%]]*Tabla3[[#This Row],[NUBE]]) -> 0 | O35: SI | P35: FIDUCIA | Q35: 0.01 | R35: 0.99 | T35: =SUM(Q35:S35) -> 1 | U35: =IF(T35="","",IF(T35=100%,"OK","ERROR")) -> OK
A36: =(A35+1) -> 17 | B36: 49744118 | C36: NORIS GARCIA CENTENO | D36: 2 | E36: =(Tabla3[[#This Row],[CANT]]*5000000) -> 10000000 | F36: 1 | G36: =(Tabla3[[#This Row],[CANT2]]*10000000) -> 10000000 | J36: =(Tabla3[[#This Row],[MONTO]]+Tabla3[[#This Row],[MONTO2]]+Tabla3[[#This Row],[MONTO3]]) -> 20000000 | K36: =J36-(J36*10%) -> 18000000 | L36: =(K36*1%) -> 180000 | M36: =(Tabla3[[#This Row],[TOTAL -10%]]*Tabla3[[#This Row],[FIDUCIA]]) -> 0 | N36: =(Tabla3[[#This Row],[TOTAL -10%]]*Tabla3[[#This Row],[NUBE]]) -> 0 | O36: SI | Q36: 0.01 | T36: =SUM(Q36:S36) -> 0.01 | U36: =IF(T36="","",IF(T36=100%,"OK","ERROR")) -> ERROR
A37: =(A36+1) -> 18 | B37: 12584024 | C37: PEDRO MANUEL GALEZO LEON | D37: 2 | E37: =(Tabla3[[#This Row],[CANT]]*5000000) -> 10000000 | F37: 1 | G37: =(Tabla3[[#This Row],[CANT2]]*10000000) -> 10000000 | J37: =(Tabla3[[#This Row],[MONTO]]+Tabla3[[#This Row],[MONTO2]]+Tabla3[[#This Row],[MONTO3]]) -> 20000000 | K37: =J37-(J37*10%) -> 18000000 | L37: =(K37*1%) -> 180000 | M37: =(Tabla3[[#This Row],[TOTAL -10%]]*Tabla3[[#This Row],[FIDUCIA]]) -> 0 | N37: =(Tabla3[[#This Row],[TOTAL -10%]]*Tabla3[[#This Row],[NUBE]]) -> 0 | O37: SI | Q37: 0.01 | T37: =SUM(Q37:S37) -> 0.01 | U37: =IF(T37="","",IF(T37=100%,"OK","ERROR")) -> ERROR
A38: =(A37+1) -> 19 | B38: 49736536 | C38: ROSE MARY GUERRA DE TRESPALACIOS | D38: 3 | E38: =(Tabla3[[#This Row],[CANT]]*5000000) -> 15000000 | H38: 8 | I38: =(Tabla3[[#This Row],[CANT3]]*7500000) -> 60000000 | J38: =(Tabla3[[#This Row],[MONTO]]+Tabla3[[#This Row],[MONTO2]]+Tabla3[[#This Row],[MONTO3]]) -> 75000000 | K38: =J38-(J38*10%) -> 67500000 | L38: =(K38*1%) -> 675000 | M38: =(Tabla3[[#This Row],[TOTAL -10%]]*Tabla3[[#This Row],[FIDUCIA]]) -> 0 | N38: =(Tabla3[[#This Row],[TOTAL -10%]]*Tabla3[[#This Row],[NUBE]]) -> 0 | O38: SI | Q38: 0.01 | T38: =SUM(Q38:S38) -> 0.01 | U38: =IF(T38="","",IF(T38=100%,"OK","ERROR")) -> ERROR
A39: =(A38+1) -> 20 | B39: 1128442528 | C39: TOMAS FELIPE PADILLA HERRERA | D39: 1 | E39: =(Tabla3[[#This Row],[CANT]]*5000000) -> 5000000 | F39: 1 | G39: =(Tabla3[[#This Row],[CANT2]]*10000000) -> 10000000 | H39: 1 | I39: =(Tabla3[[#This Row],[CANT3]]*7500000) -> 7500000 | J39: =(Tabla3[[#This Row],[MONTO]]+Tabla3[[#This Row],[MONTO2]]+Tabla3[[#This Row],[MONTO3]]) -> 22500000 | K39: =J39-(J39*10%) -> 20250000 | L39: =(K39*1%) -> 202500 | M39: =(Tabla3[[#This Row],[TOTAL -10%]]*Tabla3[[#This Row],[FIDUCIA]]) -> 20047500 | N39: =(Tabla3[[#This Row],[TOTAL -10%]]*Tabla3[[#This Row],[NUBE]]) -> 0 | O39: SI | P39: FIDUCIA | Q39: 0.01 | R39: 0.99 | T39: =SUM(Q39:S39) -> 1 | U39: =IF(T39="","",IF(T39=100%,"OK","ERROR")) -> OK
A40: =(A39+1) -> 21 | B40: 5013580 | C40: TOMAS RAFAEL PADILLA PEREZ | D40: 1 | E40: =(Tabla3[[#This Row],[CANT]]*5000000) -> 5000000 | F40: 1 | G40: =(Tabla3[[#This Row],[CANT2]]*10000000) -> 10000000 | H40: 1 | I40: =(Tabla3[[#This Row],[CANT3]]*7500000) -> 7500000 | J40: =(Tabla3[[#This Row],[MONTO]]+Tabla3[[#This Row],[MONTO2]]+Tabla3[[#This Row],[MONTO3]]) -> 22500000 | K40: =J40-(J40*10%) -> 20250000 | L40: =(K40*1%) -> 202500 | M40: =(Tabla3[[#This Row],[TOTAL -10%]]*Tabla3[[#This Row],[FIDUCIA]]) -> 20047500 | N40: =(Tabla3[[#This Row],[TOTAL -10%]]*Tabla3[[#This Row],[NUBE]]) -> 0 | O40: SI | P40: FIDUCIA | Q40: 0.01 | R40: 0.99 | T40: =SUM(Q40:S40) -> 1 | U40: =IF(T40="","",IF(T40=100%,"OK","ERROR")) -> OK

Sheet RESUMEN INDIVIDUAL
O3: FECHA
O4: =TODAY() -> 46289
E5: LIDER: | F5: =('MATRIZ LISTADO'!D16) -> ROSE MARY GUERRA | O5: Consulta con el valor del dólar (TRM) Aquí | Q5: https://www.dolar-colombia.com/
O6: 3053.48
E7: NOMBRE | F7: =IFERROR(VLOOKUP(F8,'MATRIZ LISTADO'!B19:C40,2,0),"") -> CITRE ORTIZ MEJIA | L7: =('RESUMEN INDIVIDUAL'!F7) -> CITRE ORTIZ MEJIA
E8: CC/ID/DNI | F8: 1065568642 | L8: PAGO CON DESCUENTOS | P8: PESOS COLOMBIANOS
L9: PAGO TOTAL | O9: -0.1 | P9: =(G20*O6) -> 27481320000
L10: 0.01 | O10: BANCO | P10: =(I14*O6) -> 274813200
F11: CANT | G11: PAGO | I11: ORDEN DE PAGOS | L11: =IFERROR(VLOOKUP(F8,'MATRIZ LISTADO'!B19:T40,17,0),"") -> 0.99 | O11: FIDUCIA | P11: =(I18*O6) -> 27206506800
E12: QUINTILLION | F12: =IFERROR(VLOOKUP($F$8,Tabla3[[#All],[CC-ID-DNI]:[CANT]],3,0),"") -> 2 | G12: =IFERROR(VLOOKUP($F$8,Tabla3[[#All],[CC-ID-DNI]:[1% PAGO INICIAL]],4,0),"") -> 10000000 | I12: 1% PAGO BANCO | L12: =IFERROR(VLOOKUP(F8,'MATRIZ LISTADO'!B19:T40,18,0),"") -> 0 | O12: NUBE | P12: =(I22*O6) -> 0
E14: NONGENTILLION | F14: =IFERROR(VLOOKUP($F$8,Tabla3[[CC-ID-DNI]:[1% PAGO INICIAL]],5,0),"") -> 0 | G14: =IFERROR(VLOOKUP($F$8,Tabla3[[#All],[CC-ID-DNI]:[1% PAGO INICIAL]],6,0),"") -> 0 | I14: =(G20*1%) -> 90000
E16: VIGINTILLION | F16: =IFERROR(VLOOKUP($F$8,Tabla3[[CC-ID-DNI]:[1% PAGO INICIAL]],7,0),"") -> 0 | G16: =IFERROR(VLOOKUP($F$8,Tabla3[[#All],[CC-ID-DNI]:[1% PAGO INICIAL]],8,0),"") -> 0 | I16: FIDUCIA
E18: TOTAL | G18: TOTAL -10% | I18: =IFERROR(VLOOKUP(F8,Tabla3[[#All],[CC-ID-DNI]:[% NUBE]],12,0),"") -> 8910000
E20: =SUM(G12:G16) -> 10000000 | G20: =E20-(E20*10%) -> 9000000 | I20: NUBE
I22: =IFERROR(VLOOKUP(F8,Tabla3[[#All],[CC-ID-DNI]:[% NUBE]],13,0),"") -> 0
