Workbook

Sheet DATOS GENERALES
A1: FECHA | B1: NOMBRE COMPLETO | C1: ID/CC/DNI | D1: PASAPORTE | E1: PAIS | F1: ESTADO | G1: CIUDAD | H1: DIRECCION | I1: COD POSTAL | J1: CORREO | K1: TELEFONO | L1: PRODUCTO / MATERIAL | M1: MONTO | N1: REF | O1: BANK | P1: LIDER | Q1: CIS | R1: PASAPORTE + 3 MESES | S1: OBSERVACIONES | T1: CIS PARA IMPRIMIR
A2: 46128 | B2: ANGELICA OSPINA IZQUIERDO | C2: 65698739 | D2: N/A | E2: COLOMBIA | F2: TOLIMA | G2: ESPINAL | H2: MNZ O CS 7 JUAN PABLO II ETAPA 2 | I2: 733520 | J2: angelicaosiz25@gmail.com | K2: (+57) 3017857242 | L2: 2Q | M2: 100000 | N2: 437678 | O2: WOMPI | P2: ELIZABETH QUIROGA | Q2: PENDIENTE | R2: N/A
A3: 46129.858 | B3: ANGELICA OSPINA IZQUIERDO | C3: 65698739 | D3: N/A | E3: COLOMBIA | F3: TOLIMA | G3: ESPINAL | H3: MNZ O CS 7 JUAN PABLO II ETAPA 2 | I3: 733520 | J3: angelicaosiz25@gmail.com | K3: (+57) 3017857242 | L3: 1Q | M3: 0 | N3: GIRO RULETA | O3: N/A | P3: ELIZABETH QUIROGA | Q3: PENDIENTE | R3: N/A
A4: 46150 | B4: AURA MARIA RODRIGUEZ BURGOS | C4: 1070022846 | D4: AU450197 | E4: COLOMBIA | F4: CUNDINAMARCA | G4: RICAURTE | H4: CALLE 12 # 13 01 CONJUNTO CARIOTA LAS PALMAS APTO 608 TORRE3 | I4: 252410 | J4: aurismarobu@gmail.com | K4: (+57) 3132752680 | L4: 3N+3V | M4: 200000 | N4: 54502780298271954924066534667064412 | O4: NU BANK | P4: ELIZABETH QUIROGA | Q4: PENDIENTE | R4: VIGENTE
A5: 46150 | B5: AURA MARIA RODRIGUEZ BURGOS | C5: 1070022846 | D5: AU450197 | E5: COLOMBIA | F5: CUNDINAMARCA | G5: RICAURTE | H5: CALLE 12 # 13 01 CONJUNTO CARIOTA LAS PALMAS APTO 608 TORRE3 | I5: 252410 | J5: aurismarobu@gmail.com | K5: (+57) 3132752680 | L5: 2N | M5: 0 | N5: GIRO RULETA | O5: N/A | P5: ELIZABETH QUIROGA | Q5: PENDIENTE | R5: VIGENTE
A6: 45888.801 | B6: BLANCA ELIZABETH QUIROGA CASTIBLANCO | C6: 51760534 | D6: AY498421 | E6: COLOMBIA | F6: CUNDINAMARCA | G6: GIRARDOT | H6: CALLE 16 NO 2 45 ALTO DE LA CRUZ | I6: 252432 | J6: elizitaquiroga4@gmail.com | K6: (+57) 3015672778 | L6: 1V | M6: 120000 | N6: M15586657 | O6: NEQUI | P6: ELIZABETH QUIROGA | Q6: PENDIENTE | R6: VIGENTE
A7: 45922 | B7: BLANCA ELIZABETH QUIROGA CASTIBLANCO | C7: 51760534 | D7: AY498421 | E7: Colombia | F7: CUNDINAMARCA | G7: GIRARDOT | H7: CALLE 16 No 2 45 ALTO DE LA CRUZ | I7: 252432 | J7: elizitaquiroga4@gmail.com | K7: (+57) 3015672778 | L7: 1Q | M7: 0 | N7: VALLE DE TENZA | O7: N/A | P7: ELIZABETH QUIROGA | Q7: PENDIENTE | R7: VIGENTE
A8: 45932 | B8: BLANCA ELIZABETH QUIROGA CASTIBLANCO | C8: 51760534 | D8: AY498421 | E8: Colombia | F8: CUNDINAMARCA | G8: GIRARDOT | H8: CALLE 16 No 2 45 ALTO DE LA CRUZ | I8: 252432 | J8: elizitaquiroga4@gmail.com | K8: (+57) 3015672778 | L8: 2Q | M8: 0 | N8: RECUPERACIÓN | O8: N/A | P8: ELIZABETH QUIROGA | Q8: PENDIENTE | R8: VIGENTE
A9: 45968 | B9: BLANCA ELIZABETH QUIROGA CASTIBLANCO | C9: 51760534 | D9: AY498421 | E9: Colombia | F9: CUNDINAMARCA | G9: GIRARDOT | H9: CALLE 16 No 2 45 ALTO DE LA CRUZ | I9: 252432 | J9: elizitaquiroga4@gmail.com | K9: (+57) 3015672778 | L9: 14V | M9: 0 | N9: 25 SEP - 4 NOV | O9: N/A | P9: ELIZABETH QUIROGA | Q9: PENDIENTE | R9: VIGENTE
A10: 46022 | B10: BLANCA ELIZABETH QUIROGA CASTIBLANCO | C10: 51760534 | D10: AY498421 | E10: Colombia | F10: CUNDINAMARCA | G10: GIRARDOT | H10: CALLE 16 No 2 45 ALTO DE LA CRUZ | I10: 252432 | J10: elizitaquiroga4@gmail.com | K10: (+57) 3015672778 | L10: 1AGRO+1N | M10: 0 | N10: SORTEO | O10: PREMIO | P10: ELIZABETH QUIROGA | Q10: PENDIENTE | R10: VIGENTE
A11: 46126 | B11: BLANCA ELIZABETH QUIROGA CASTIBLANCO | C11: 51760534 | D11: AY498421 | E11: Colombia | F11: CUNDINAMARCA | G11: GIRARDOT | H11: CALLE 16 No 2 45 ALTO DE LA CRUZ | I11: 252432 | J11: elizitaquiroga4@gmail.com | K11: (+57) 3015672778 | L11: 2ZIMCOIN | M11: 0 | N11: X VENTAS HASTA EL 7 ABRIL | O11: N/A | P11: ELIZABETH QUIROGA | Q11: PENDIENTE | R11: VIGENTE
A12: 46128.441 | B12: BLANCA ELIZABETH QUIROGA CASTIBLANCO | C12: 51760534 | D12: AY498421 | E12: Colombia | F12: CUNDINAMARCA | G12: GIRARDOT | H12: CALLE 16 No 2 45 ALTO DE LA CRUZ | I12: 252432 | J12: elizitaquiroga4@gmail.com | K12: (+57) 3015672778 | L12: 1Q | M12: 0 | N12: GIRO RULETA | O12: N/A | P12: ELIZABETH QUIROGA | Q12: PENDIENTE | R12: VIGENTE
A13: 46148 | B13: BLANCA ELIZABETH QUIROGA CASTIBLANCO | C13: 51760534 | D13: AY498421 | E13: Colombia | F13: CUNDINAMARCA | G13: GIRARDOT | H13: CALLE 16 No 2 45 ALTO DE LA CRUZ | I13: 252432 | J13: elizitaquiroga4@gmail.com | K13: (+57) 3015672778 | L13: 3Q+1V | M13: 100000 | N13: M10315734 | O13: NEQUI | P13: ELIZABETH QUIROGA | Q13: PENDIENTE | R13: VIGENTE
A14: 46154.707 | B14: BLANCA ELIZABETH QUIROGA CASTIBLANCO | C14: 51760534 | D14: AY498421 | E14: Colombia | F14: CUNDINAMARCA | G14: GIRARDOT | H14: CALLE 16 No 2 45 ALTO DE LA CRUZ | I14: 252432 | J14: elizitaquiroga4@gmail.com | K14: (+57) 3015672778 | L14: 2V | M14: 0 | N14: GIRO RULETA | O14: N/A | P14: ELIZABETH QUIROGA | Q14: PENDIENTE | R14: VIGENTE
... A27: 46128.553 | B27: DILIA MARIA JAIMES RICHOUX | C27: 41650899 | D27: AR 294530 | E27: UNITED STATES | F27: FLORIDA | G27: MIAMI | H27: 401GOLDEN ISLES DR APT 513 HALLANDALE 33009-7515 BEACH FLORIDA | I27: 33009 | J27: dmjaimesr56@gmail.com | K27: (+1) 7868209437 | L27: 2V | M27: 0 | N27: GIRO RULETA | O27: N/A | P27: ELIZABETH QUIROGA | Q27: PENDIENTE | R27: N/A
A28: 46048 | B28: DORA CECILIA HUERTAS PRIETO | C28: 28844684 | D28: N/A | E28: COLOMBIA | F28: CUNDINAMARCA | G28: GIRARDOT | H28: KR 18 NO 22 85 AP 202 | I28: 252431 | J28: doraprieto032@gmail.com | K28: (+57) 3213212471 | L28: 6Q | M28: 150000 | N28: M11313089 | O28: NEQUI | P28: ELIZABETH QUIROGA | Q28: ENVIADO | R28: N/A | T28: ENVIADO EN PDF
A29: 45918.905 | B29: ELVIRA ROJAS RIVERA | C29: 38225833 | D29: BE886607 | E29: COLOMBIA | F29: TOLIMA | G29: FLANDES | H29: VIA FLANDERS ESPINALKLM1 MANZ G CASA2-27 CASA 32 CONDOMINIO LOS MANGOS II | I29: 733510 | J29: elvirarojas1552@gmail.com | K29: (+57) 3124327792 | L29: 1Q+1N+2V | M29: 200000 | N29: M21797085 | O29: NEQUI | P29: ELIZABETH QUIROGA | Q29: PENDIENTE | R29: VIGENTE
A30: 45930 | B30: ELVIRA ROJAS RIVERA | C30: 38225833 | D30: BE886607 | E30: COLOMBIA | F30: TOLIMA | G30: FLANDES | H30: VIA FLANDERS ESPINALKLM1 MANZ G CASA2-27 CASA 32 CONDOMINIO LOS MANGOS II | I30: 733510 | J30: elvirarojas1552@gmail.com | K30: (+57) 3124327792 | L30: 2Q+3N+2V | M30: 300000 | N30: M24465603 | O30: NEQUI | P30: ELIZABETH QUIROGA | Q30: PENDIENTE | R30: VIGENTE
A31: 45945 | B31: ELVIRA ROJAS RIVERA | C31: 38225833 | D31: BE886607 | E31: COLOMBIA | F31: TOLIMA | G31: FLANDES | H31: VIA FLANDERS ESPINALKLM1 MANZ G CASA2-27 CASA 32 CONDOMINIO LOS MANGOS II | I31: 733510 | J31: elvirarojas1552@gmail.com | K31: (+57) 3124327792 | L31: 1Q+1N+1V | M31: 200000 | N31: M20899682 | O31: NEQUI | P31: ELIZABETH QUIROGA | Q31: PENDIENTE | R31: VIGENTE
A32: 46078 | B32: ELVIRA ROJAS RIVERA | C32: 38225833 | D32: BE886607 | E32: COLOMBIA | F32: TOLIMA | G32: FLANDES | H32: VIA FLANDERS ESPINALKLM1 MANZ G CASA2-27 CASA 32 CONDOMINIO LOS MANGOS II | I32: 733510 | J32: elvirarojas1552@gmail.com | K32: (+57) 3124327792 | L32: 1ZIMCOIN | M32: 500000 | N32: M20150899 | O32: NEQUI | P32: ELIZABETH QUIROGA | Q32: PENDIENTE | R32: VIGENTE
A33: 45936.398 | B33: FERNANDO ALFONSO OVALLE GUTIERREZ | C33: 11315053 | D33: BG689137 | E33: COLOMBIA | F33: CUNDINAMARCA | G33: GIRARDOT | H33: Calle 21A #4-08 | I33: 252431 | J33: fernandoovalle13@hotmail.com | K33: (+57) 3232339799 | L33: 2Q+3N+2V | M33: 0 | N33: DOLLAR GOLD | O33: N/A | P33: ELIZABETH QUIROGA | Q33: ENVIADO | R33: VIGENTE | T33: ENVIADO EN PDF
A34: 46146 | B34: FERNANDO ALFONSO OVALLE GUTIERREZ | C34: 11315053 | D34: BG689137 | E34: COLOMBIA | F34: CUNDINAMARCA | G34: GIRARDOT | H34: Calle 21A #4-08 | I34: 252431 | J34: fernandoovalle13@hotmail.com | K34: (+57) 3232339799 | L34: 3Q+4N+3V | M34: 300000 | N34: TRPLLnGbw9EC | O34: BANCOLOMBIA | P34: ELIZABETH QUIROGA | Q34: ENVIADO | R34: VIGENTE | T34: ENVIADO EN PDF
A35: 46146.742 | B35: FERNANDO ALFONSO OVALLE GUTIERREZ | C35: 11315053 | D35: BG689137 | E35: COLOMBIA | F35: CUNDINAMARCA | G35: GIRARDOT | H35: Calle 21A #4-08 | I35: 252431 | J35: fernandoovalle13@hotmail.com | K35: (+57) 3232339799 | L35: 2Q | M35: 0 | N35: GIRO RULETA | O35: N/A | P35: ELIZABETH QUIROGA | Q35: ENVIADO | R35: VIGENTE | T35: ENVIADO EN PDF
A36: 46146.744 | B36: FERNANDO ALFONSO OVALLE GUTIERREZ | C36: 11315053 | D36: BG689137 | E36: COLOMBIA | F36: CUNDINAMARCA | G36: GIRARDOT | H36: Calle 21A #4-08 | I36: 252431 | J36: fernandoovalle13@hotmail.com | K36: (+57) 3232339799 | L36: 2V | M36: 0 | N36: GIRO RULETA | O36: N/A | P36: ELIZABETH QUIROGA | Q36: ENVIADO | R36: VIGENTE | T36: ENVIADO EN PDF
A37: 46146.746 | B37: FERNANDO ALFONSO OVALLE GUTIERREZ | C37: 11315053 | D37: BG689137 | E37: COLOMBIA | F37: CUNDINAMARCA | G37: GIRARDOT | H37: Calle 21A #4-08 | I37: 252431 | J37: fernandoovalle13@hotmail.com | K37: (+57) 3232339799 | L37: 2Q | M37: 0 | N37: GIRO RULETA | O37: N/A | P37: ELIZABETH QUIROGA | Q37: ENVIADO | R37: VIGENTE | T37: ENVIADO EN PDF
A38: 46150 | B38: FERNANDO ALFONSO OVALLE GUTIERREZ | C38: 11315053 | D38: BG689137 | E38: COLOMBIA | F38: CUNDINAMARCA | G38: GIRARDOT | H38: Calle 21A #4-08 | I38: 252431 | J38: fernandoovalle13@hotmail.com | K38: (+57) 3232339799 | L38: 6N | M38: 0 | N38: REFERIDOS | O38: N/A | P38: ELIZABETH QUIROGA | Q38: ENVIADO | R38: VIGENTE | T38: ENVIADO EN PDF
A39: 46150 | B39: GABRIEL HERNANDEZ MARTINEZ | C39: 80355504 | D39: N/A | E39: COLOMBIA | F39: CUNDINAMARCA | G39: GIRARDOT | H39: KR 18 NO 22 85 AP 202 | I39: 252431 | J39: gaherma1669@gmail.com | K39: (+57) 3214191758 | L39: 3Q+1V | M39: 100000 | N39: M15370261 | O39: NEQUI | P39: ELIZABETH QUIROGA | Q39: ENVIADO | R39: N/A | T39: ENVIADO EN PDF
A40: 46015 | B40: GERMAN MEDINA SARMIENTO | C40: 13460654 | D40: BH935354 | E40: COLOMBIA | F40: CUNDINAMARCA | G40: FUSAGASUGA | H40: KR 11 C NO 18 C 55 AP 202 | I40: 252212 | J40: medinasgerman@gmail.com | K40: (+57) 3163198485 | L40: 3Q+1N+1V | M40: 100000 | N40: M14982855 | O40: NEQUI | P40: ELIZABETH QUIROGA | Q40: PENDIENTE | R40: VIGENTE
A41: 46050 | B41: GERMAN MEDINA SARMIENTO | C41: 13460654 | D41: BH935354 | E41: COLOMBIA | F41: CUNDINAMARCA | G41: FUSAGASUGA | H41: KR 11 C NO 18 C 55 AP 202 | I41: 252212 | J41: medinasgerman@gmail.com | K41: (+57) 3163198485 | L41: COFRE | M41: 100000 | N41: M18602116 | O41: NEQUI | P41: ELIZABETH QUIROGA | Q41: PENDIENTE | R41: VIGENTE
A42: 46057 | B42: GERMAN MEDINA SARMIENTO | C42: 13460654 | D42: BH935354 | E42: COLOMBIA | F42: CUNDINAMARCA | G42: FUSAGASUGA | H42: KR 11 C NO 18 C 55 AP 202 | I42: 252212 | J42: medinasgerman@gmail.com | K42: (+57) 3163198485 | L42: 6Q | M42: 150000 | N42: M11905052 | O42: NEQUI | P42: ELIZABETH QUIROGA | Q42: PENDIENTE | R42: VIGENTE
A43: 46149 | B43: GILBERTO DEVIA QUIÑONES | C43: 14370092 | D43: BF168899 | E43: COLOMBIA | F43: BOGOTA D.C. | G43: BOGOTA | H43: CALLE 60 SUR # 71-50- / 77-01 BALMORAL TERCERA ETAPA | I43: 111941 | J43: gilbertodevia5@gmail.com | K43: (+57) 3122364080 | L43: 3Q+1V | M43: 100000 | N43: M23351394 | O43: NEQUI | P43: ELIZABETH QUIROGA | Q43: ENVIADO | R43: VIGENTE | T43: ENVIADO EN PDF
A44: 46149 | B44: GILBERTO DEVIA QUIÑONES | C44: 14370092 | D44: BF168899 | E44: COLOMBIA | F44: BOGOTA D.C. | G44: BOGOTA | H44: CALLE 60 SUR # 71-50- / 77-01 BALMORAL TERCERA ETAPA | I44: 111941 | J44: gilbertodevia5@gmail.com | K44: (+57) 3122364080 | L44: 1Q | M44: 0 | N44: GIRO RULETA | O44: N/A | P44: ELIZABETH QUIROGA | Q44: ENVIADO | R44: VIGENTE | T44: ENVIADO EN PDF
A45: 46057 | B45: GINA MILENA MORENO PERDOMO | C45: 1075231467 | D45: N/A | E45: COLOMBIA | F45: TOLIMA | G45: ESPINAL | H45: MANZANA E CASA 7 ASOBETANIA | I45: 733520 | J45: g_milena_mo@hotmail.com | K45: (+57) 3133075717 | L45: 6Q | M45: 150000 | N45: M13925241 | O45: NEQUI | P45: ELIZABETH QUIROGA | Q45: PENDIENTE | R45: N/A
A46: 46129 | B46: GRICELDA GUTIERREZ DE UBAQUE | C46: 20563430 | D46: N/A | E46: COLOMBIA | F46: CUNDINAMARCA | G46: FUSAGASUGA | H46: CARRERA 1B N 10A - 18 | I46: 252211 | J46: griceldagutierrez2009@gmail.com | K46: (+57) 3103294116 | L46: 5Q+2N | M46: 200000 | N46: f38df69e-f7a8-4201-84b1-583fcbf7e147 | O46: DAVIVIENDA | P46: ELIZABETH QUIROGA | Q46: PENDIENTE | R46: N/A
A47: 46129.829 | B47: GRICELDA GUTIERREZ DE UBAQUE | C47: 20563430 | D47: N/A | E47: COLOMBIA | F47: CUNDINAMARCA | G47: FUSAGASUGA | H47: CARRERA 1B N 10A - 18 | I47: 252211 | J47: griceldagutierrez2009@gmail.com | K47: (+57) 3103294116 | L47: 1V | M47: 0 | N47: GIRO RULETA | O47: N/A | P47: ELIZABETH QUIROGA | Q47: PENDIENTE | R47: N/A
A48: 46129.831 | B48: GRICELDA GUTIERREZ DE UBAQUE | C48: 20563430 | D48: N/A | E48: COLOMBIA | F48: CUNDINAMARCA | G48: FUSAGASUGA | H48: CARRERA 1B N 10A - 18 | I48: 252211 | J48: griceldagutierrez2009@gmail.com | K48: (+57) 3103294116 | L48: 1Q | M48: 0 | N48: GIRO RULETA | O48: N/A | P48: ELIZABETH QUIROGA | Q48: PENDIENTE | R48: N/A
A49: 45952.619 | B49: HARVEY NICOLÁS PARRA QUIROGA | C49: 1018473483 | D49: AV227068 | E49: COLOMBIA | F49: CUNDINAMARCA | G49: GIRARDOT | H49: CALLE 16 NO 2 45 ALTO DE LA CRUZ | I49: 252432 | J49: hnicolas.parra@gmail.com | K49: (+57) 3005548572 | L49: 2Q | M49: 100000 | N49: M14243030 | O49: NEQUI | P49: ELIZABETH QUIROGA | Q49: ENVIADO | R49: VIGENTE | T49: ENVIADO EN PDF
A50: 46150 | B50: HARVEY NICOLÁS PARRA QUIROGA | C50: 1018473483 | D50: AV227068 | E50: COLOMBIA | F50: CUNDINAMARCA | G50: GIRARDOT | H50: CALLE 16 NO 2 45 ALTO DE LA CRUZ | I50: 252432 | J50: hnicolas.parra@gmail.com | K50: (+57) 3005548572 | L50: 2N | M50: 0 | N50: REFERIDOS | O50: N/A | P50: ELIZABETH QUIROGA | Q50: ENVIADO | R50: VIGENTE | T50: ENVIADO EN PDF
A51: 46105 | B51: HORTENCIA NIÑO JUSTINICO | C51: 20647654 | D51: BI051653 | E51: COLOMBIA | F51: CUNDINAMARCA | G51: GIRARDOT | H51: MANZANA M CASA 4 CIUDAD MONTES | I51: 252432 | J51: hortencianino076@gmail.com | K51: (+57) 3204866107 | L51: 6Q+6N | M51: 500000 | N51: M18295502 | O51: NEQUI | P51: ELIZABETH QUIROGA | Q51: ENVIADO | R51: VIGENTE | T51: ENVIADO EN PDF
A52: 46145 | B52: HORTENCIA NIÑO JUSTINICO | C52: 20647654 | D52: BI051653 | E52: COLOMBIA | F52: CUNDINAMARCA | G52: GIRARDOT | H52: MANZANA M CASA 4 CIUDAD MONTES | I52: 252432 | J52: hortencianino076@gmail.com | K52: (+57) 3204866107 | L52: 4Q+6N+4V | M52: 500000 | N52: RK22A3345V | O52: BANCOLOMBIA | P52: ELIZABETH QUIROGA | Q52: ENVIADO | R52: VIGENTE | T52: ENVIADO EN PDF
A53: 46146.72 | B53: HORTENCIA NIÑO JUSTINICO | C53: 20647654 | D53: BI051653 | E53: COLOMBIA | F53: CUNDINAMARCA | G53: GIRARDOT | H53: MANZANA M CASA 4 CIUDAD MONTES | I53: 252432 | J53: hortencianino076@gmail.com | K53: (+57) 3204866107 | L53: 1N | M53: 0 | N53: GIRO RULETA | O53: N/A | P53: ELIZABETH QUIROGA | Q53: ENVIADO | R53: VIGENTE | T53: ENVIADO EN PDF
A54: 46146.722 | B54: HORTENCIA NIÑO JUSTINICO | C54: 20647654 | D54: BI051653 | E54: COLOMBIA | F54: CUNDINAMARCA | G54: GIRARDOT | H54: MANZANA M CASA 4 CIUDAD MONTES | I54: 252432 | J54: hortencianino076@gmail.com | K54: (+57) 3204866107 | L54: 1N | M54: 0 | N54: GIRO RULETA | O54: N/A | P54: ELIZABETH QUIROGA | Q54: ENVIADO | R54: VIGENTE | T54: ENVIADO EN PDF
A55: 46146.724 | B55: HORTENCIA NIÑO JUSTINICO | C55: 20647654 | D55: BI051653 | E55: COLOMBIA | F55: CUNDINAMARCA | G55: GIRARDOT | H55: MANZANA M CASA 4 CIUDAD MONTES | I55: 252432 | J55: hortencianino076@gmail.com | K55: (+57) 3204866107 | L55: 1N | M55: 0 | N55: GIRO RULETA | O55: N/A | P55: ELIZABETH QUIROGA | Q55: ENVIADO | R55: VIGENTE | T55: ENVIADO EN PDF
A56: 46146.726 | B56: HORTENCIA NIÑO JUSTINICO | C56: 20647654 | D56: BI051653 | E56: COLOMBIA | F56: CUNDINAMARCA | G56: GIRARDOT | H56: MANZANA M CASA 4 CIUDAD MONTES | I56: 252432 | J56: hortencianino076@gmail.com | K56: (+57) 3204866107 | L56: 1N | M56: 0 | N56: GIRO RULETA | O56: N/A | P56: ELIZABETH QUIROGA | Q56: ENVIADO | R56: VIGENTE | T56: ENVIADO EN PDF
A57: 46058.822 | B57: HORTENCIA NIÑO JUSTINICO | C57: 20647654 | D57: BI051653 | E57: COLOMBIA | F57: CUNDINAMARCA | G57: GIRARDOT | H57: MANZANA M CASA 4 CIUDAD MONTES | I57: 252432 | J57: hortencianino076@gmail.com | K57: (+57) 3204866107 | L57: 6Q | M57: 150000 | N57: M10604468 | O57: NEQUI | P57: ELIZABETH QUIROGA | Q57: ENVIADO | R57: VIGENTE | T57: ENVIADO EN PDF
A58: 45944.753 | B58: JANETH BURITICA MEJIA | C58: 31496340 | D58: AY487670 | E58: COLOMBIA | F58: CUNDINAMARCA | G58: AGUA DE DIOS | H58: CARRERA 10 NO 16 46 | I58: 252850 | J58: jabume1964@gmail.com | K58: (+57) 3118204970 | L58: 2Q | M58: 100000 | N58: M35240610 | O58: NEQUI | P58: ELIZABETH QUIROGA | Q58: PENDIENTE | R58: VIGENTE
A59: 46150 | B59: JANETH BURITICA MEJIA | C59: 31496340 | D59: AY487670 | E59: COLOMBIA | F59: CUNDINAMARCA | G59: AGUA DE DIOS | H59: CARRERA 10 NO 16 46 | I59: 252850 | J59: jabume1964@gmail.com | K59: (+57) 3118204970 | L59: 1N | M59: 0 | N59: REFERIDOS | O59: N/A | P59: ELIZABETH QUIROGA | Q59: PENDIENTE | R59: VIGENTE
A60: 45939.818 | B60: JAVIER FERNANDO DE LA ROCHE GUTIERREZ | C60: 11315984 | D60: AW569726 | E60: - | F60: CUNDINAMARCA | G60: GIRARDOT | H60: CARRERA 10A No 39-21 EDIFICIO PORTAL DE SAN PABLO APT 603 | I60: 252431 | J60: javierdelaroche05@gmail.com | K60: (+57) 3007082019 | L60: 10Q | M60: 0 | N60: CAPACITACIONES | O60: N/A | P60: ELIZABETH QUIROGA | Q60: PENDIENTE | R60: VIGENTE
A61: 45939.818 | B61: JAVIER FERNANDO DE LA ROCHE GUTIERREZ | C61: 11315984 | D61: AW569726 | E61: COLOMBIA | F61: CUNDINAMARCA | G61: GIRARDOT | H61: CARRERA 10A NO 39-21 EDIFICIO PORTAL DE SAN PABLO APT 603 | I61: 252431 | J61: javierdelaroche05@gmail.com | K61: (+57) 3007082019 | L61: 2Q | M61: 100000 | N61: M6021743 | O61: NEQUI | P61: ELIZABETH QUIROGA | Q61: PENDIENTE | R61: VIGENTE
A62: 46055 | B62: JAVIER FERNANDO DE LA ROCHE GUTIERREZ | C62: 11315984 | D62: AW569726 | E62: COLOMBIA | F62: CUNDINAMARCA | G62: GIRARDOT | H62: CARRERA 10A NO 39-21 EDIFICIO PORTAL DE SAN PABLO APT 603 | I62: 252431 | J62: javierdelaroche05@gmail.com | K62: (+57) 3007082019 | L62: 1ZIMCOIN | M62: 500000 | N62: M03848370 | O62: NEQUI | P62: ELIZABETH QUIROGA | Q62: PENDIENTE | R62: VIGENTE
A63: 46120 | B63: JEYRON ERICK SANCHEZ DIAZ | C63: 1015413288 | D63: N/A | E63: COLOMBIA | F63: CUNDINAMARCA | G63: RICAURTE | H63: CONJUNTO CANOTASLAS PALMAS APTO 608 TORRE 3 | I63: 252410 | J63: erickfoto@hotmail.com | K63: (+57) 3193258627 | L63: 5Q+2N | M63: 200000 | N63: BLJO1HJJRX | O63: BANCOLOMBIA | P63: ELIZABETH QUIROGA | Q63: PENDIENTE | R63: N/A
A64: 46127.675 | B64: JEYRON ERICK SANCHEZ DIAZ | C64: 1015413288 | D64: N/A | E64: COLOMBIA | F64: CUNDINAMARCA | G64: RICAURTE | H64: CONJUNTO CANOTASLAS PALMAS APTO 608 TORRE 3 | I64: 252410 | J64: erickfoto@hotmail.com | K64: (+57) 3193258627 | L64: 2Q | M64: 0 | N64: GIRO RULETA | O64: N/A | P64: ELIZABETH QUIROGA | Q64: PENDIENTE | R64: N/A
A65: 46150 | B65: JEYRON ERICK SANCHEZ DIAZ | C65: 1015413288 | D65: N/A | E65: COLOMBIA | F65: CUNDINAMARCA | G65: RICAURTE | H65: CONJUNTO CANOTASLAS PALMAS APTO 608 TORRE 3 | I65: 252410 | J65: erickfoto@hotmail.com | K65: (+57) 3193258627 | L65: 1N | M65: 0 | N65: REFERIDOS | O65: N/A | P65: ELIZABETH QUIROGA | Q65: PENDIENTE | R65: N/A
A66: 46154.725 | B66: JEYRON ERICK SANCHEZ DIAZ | C66: 1015413288 | D66: N/A | E66: COLOMBIA | F66: CUNDINAMARCA | G66: RICAURTE | H66: CONJUNTO CANOTASLAS PALMAS APTO 608 TORRE 3 | I66: 252410 | J66: erickfoto@hotmail.com | K66: (+57) 3193258627 | L66: 2Q | M66: 0 | N66: GIRO RULETA | O66: N/A | P66: ELIZABETH QUIROGA | Q66: PENDIENTE | R66: N/A
A67: 45986 | B67: JHON JAIRO HERNANDEZ AYOLA | C67: 1069720253 | D67: N/A | E67: COLOMBIA | F67: CUNDINAMARCA | G67: FUSAGASUGA | H67: CALLE 17 NO 2A 06 ALTOS DE FUSAGASUGA | I67: 252002 | J67: jhonjha@gmail.com | K67: (+57) 3222179831 | L67: 2Q | M67: 100000 | N67: 153391764092058401 | O67: DAVIPLATA | P67: ELIZABETH QUIROGA | Q67: PENDIENTE | R67: N/A
A68: 46150 | B68: JHON JAIRO HERNANDEZ AYOLA | C68: 1069720253 | D68: N/A | E68: COLOMBIA | F68: CUNDINAMARCA | G68: FUSAGASUGA | H68: CALLE 17 NO 2A 06 ALTOS DE FUSAGASUGA | I68: 252002 | J68: jhonjha@gmail.com | K68: (+57) 3222179831 | L68: 1N | M68: 0 | N68: REFERIDOS | O68: N/A | P68: ELIZABETH QUIROGA | Q68: PENDIENTE | R68: N/A
A69: 45930.602 | B69: JHON SANCHEZ MARTINEZ | C69: 11310744 | D69: N/A | E69: COLOMBIA | F69: CUNDINAMARCA | G69: GIRARDOT | H69: CALLE17 NO 8 10 CENTRO | I69: 252430-252439 | J69: martinez1963john1963@gmail.com | K69: (+57) 3148236349 | L69: 2Q+2N+2V | M69: 150000 | N69: M21608318 | O69: NEQUI | P69: ELIZABETH QUIROGA | Q69: PENDIENTE | R69: VIGENTE
A70: 46030 | B70: JHON SANCHEZ MARTINEZ | C70: 11310744 | D70: N/A | E70: COLOMBIA | F70: CUNDINAMARCA | G70: GIRARDOT | H70: CALLE17 NO 8 10 CENTRO | I70: 252430-252439 | J70: martinez1963john1963@gmail.com | K70: (+57) 3148236349 | L70: COCTEL IMPERIAL | M70: 150000 | N70: M09975083 | O70: NEQUI | P70: ELIZABETH QUIROGA | Q70: PENDIENTE | R70: VIGENTE
A71: 46108 | B71: JHON SANCHEZ MARTINEZ | C71: 11310744 | D71: N/A | E71: COLOMBIA | F71: CUNDINAMARCA | G71: GIRARDOT | H71: CALLE17 NO 8 10 CENTRO | I71: 252430-252439 | J71: martinez1963john1963@gmail.com | K71: (+57) 3148236349 | L71: 2Q | M71: 100000 | N71: M21356124 | O71: NEQUI | P71: ELIZABETH QUIROGA | Q71: PENDIENTE | R71: VIGENTE
A72: 46134 | B72: JHON SANCHEZ MARTINEZ | C72: 11310744 | D72: N/A | E72: COLOMBIA | F72: CUNDINAMARCA | G72: GIRARDOT | H72: CALLE17 NO 8 10 CENTRO | I72: 252430-252439 | J72: martinez1963john1963@gmail.com | K72: (+57) 3148236349 | L72: 2Q | M72: 100000 | N72: M17291387 | O72: NEQUI | P72: ELIZABETH QUIROGA | Q72: PENDIENTE | R72: VIGENTE
A73: 46136.492 | B73: JHON SANCHEZ MARTINEZ | C73: 11310744 | D73: N/A | E73: COLOMBIA | F73: CUNDINAMARCA | G73: GIRARDOT | H73: CALLE17 NO 8 10 CENTRO | I73: 252430-252439 | J73: martinez1963john1963@gmail.com | K73: (+57) 3148236349 | L73: 1V | M73: 0 | N73: GIRO RULETA | O73: N/A | P73: ELIZABETH QUIROGA | Q73: PENDIENTE | R73: VIGENTE
A74: 45937.473 | B74: JOSE LUIS RIAÑO OSPINA | C74: 1000862511 | D74: N/A | E74: COLOMBIA | F74: TOLIMA | G74: ESPINAL | H74: VEREDA DINDALITO CENTRO COOP51701 ESPINAL | I74: 733520 | J74: ospinaizquierdojose11@gmail.com | K74: (+57) 3144092657 | L74: 2Q | M74: 100000 | N74: M20203864 | O74: NEQUI | P74: ELIZABETH QUIROGA | Q74: PENDIENTE | R74: N/A
A75: 45991 | B75: JOSE MAURICIO VELASQUEZ TRUJILLO | C75: 11223744 | D75: BF109410 | E75: COLOMBIA | F75: TOLIMA | G75: ESPINAL | H75: MANZANA A CASA 35 VILLA MARINA | I75: 733520 | J75: mauro646@gmail.com | K75: (+57) 3103192893 | L75: 3Q+1N+1V | M75: 100000 | N75: M05161604 | O75: NEQUI | P75: ELIZABETH QUIROGA | Q75: PENDIENTE | R75: VIGENTE
A76: 46014 | B76: JOSE MAURICIO VELASQUEZ TRUJILLO | C76: 11223744 | D76: BF109410 | E76: COLOMBIA | F76: TOLIMA | G76: ESPINAL | H76: MANZANA A CASA 35 VILLA MARINA | I76: 733520 | J76: mauro646@gmail.com | K76: (+57) 3103192893 | L76: COFRE | M76: 100000 | N76: M07123645 | O76: NEQUI | P76: ELIZABETH QUIROGA | Q76: PENDIENTE | R76: VIGENTE
A77: 46051 | B77: JOSE MAURICIO VELASQUEZ TRUJILLO | C77: 11223744 | D77: BF109410 | E77: COLOMBIA | F77: TOLIMA | G77: ESPINAL | H77: MANZANA A CASA 35 VILLA MARINA | I77: 733520 | J77: mauro646@gmail.com | K77: (+57) 3103192893 | L77: 6Q | M77: 150000 | N77: M11954662 | O77: NEQUI | P77: ELIZABETH QUIROGA | Q77: PENDIENTE | R77: VIGENTE
A78: 45937 | B78: JOSELITO OSPINA IZQUIERDO | C78: 79912646 | D78: N/A | E78: COLOMBIA | F78: TOLIMA | G78: ESPINAL | H78: VEREDA DINDALITO CENTROCOO51701 | I78: 733520 | J78: Joselito.ospina10 @gmail.com | K78: (+57) 3163678426 | L78: 2Q | M78: 100000 | N78: M20269055 | O78: NEQUI | P78: ELIZABETH QUIROGA | Q78: PENDIENTE | R78: N/A
A79: 45937.5 | B79: JOSELITO OSPINA IZQUIERDO | C79: 79912646 | D79: N/A | E79: COLOMBIA | F79: TOLIMA | G79: ESPINAL | H79: VEREDA DINDALITO CENTROCOO51701 | I79: 733520 | J79: Joselito.ospina10 @gmail.com | K79: (+57) 3163678426 | L79: 3Q+3N+3V | M79: 300000 | N79: M20301546 | O79: NEQUI | P79: ELIZABETH QUIROGA | Q79: PENDIENTE | R79: N/A
A80: 45945 | B80: JOSELITO OSPINA IZQUIERDO | C80: 79912646 | D80: N/A | E80: COLOMBIA | F80: TOLIMA | G80: ESPINAL | H80: VEREDA DINDALITO CENTROCOO51701 | I80: 733520 | J80: Joselito.ospina10 @gmail.com | K80: (+57) 3163678426 | L80: 1Q+1N+1V | M80: 200000 | N80: 013404 | O80: REDEBAN | P80: ELIZABETH QUIROGA | Q80: PENDIENTE | R80: N/A
A81: 45986 | B81: JOSELITO OSPINA IZQUIERDO | C81: 79912646 | D81: N/A | E81: COLOMBIA | F81: TOLIMA | G81: ESPINAL | H81: VEREDA DINDALITO CENTROCOO51701 | I81: 733520 | J81: Joselito.ospina10 @gmail.com | K81: (+57) 3163678426 | L81: COMBO | M81: 200000 | N81: M09589667 | O81: NEQUI | P81: ELIZABETH QUIROGA | Q81: PENDIENTE | R81: N/A
A82: 46128 | B82: JOSELITO OSPINA IZQUIERDO | C82: 79912646 | D82: N/A | E82: COLOMBIA | F82: TOLIMA | G82: ESPINAL | H82: VEREDA DINDALITO CENTROCOO51701 | I82: 733520 | J82: Joselito.ospina10 @gmail.com | K82: (+57) 3163678426 | L82: 2Q | M82: 100000 | N82: 960093 | O82: WOMPI | P82: ELIZABETH QUIROGA | Q82: PENDIENTE | R82: N/A
A83: 46132.844 | B83: JOSELITO OSPINA IZQUIERDO | C83: 79912646 | D83: N/A | E83: COLOMBIA | F83: TOLIMA | G83: ESPINAL | H83: VEREDA DINDALITO CENTROCOO51701 | I83: 733520 | J83: Joselito.ospina10 @gmail.com | K83: (+57) 3163678426 | L83: 1N | M83: 0 | N83: GIRO RULETA | O83: N/A | P83: ELIZABETH QUIROGA | Q83: PENDIENTE | R83: N/A
A84: 46150 | B84: JOSELITO OSPINA IZQUIERDO | C84: 79912646 | D84: N/A | E84: COLOMBIA | F84: TOLIMA | G84: ESPINAL | H84: VEREDA DINDALITO CENTROCOO51701 | I84: 733520 | J84: Joselito.ospina10 @gmail.com | K84: (+57) 3163678426 | L84: 2N | M84: 0 | N84: REFERIDOS | O84: N/A | P84: ELIZABETH QUIROGA | Q84: PENDIENTE | R84: N/A
A85: 46014 | B85: LAURA DANIELA PARRA QUIROGA | C85: 1018492143 | D85: BG114056 | E85: COLOMBIA | F85: CUNDINAMARCA | G85: GIRARDOT | H85: CALLE 16 NO 2 45 ALTO DE LA CRUZ | I85: 252430 | J85: Laura.parraq@gmail.com | K85: (+57) 3004154621 | L85: 4Q | M85: 100000 | N85: M07932817 | O85: NEQUI | P85: ELIZABETH QUIROGA | Q85: PENDIENTE | R85: VIGENTE
A86: 46150 | B86: LAURA DANIELA PARRA QUIROGA | C86: 1018492143 | D86: BG114056 | E86: COLOMBIA | F86: CUNDINAMARCA | G86: GIRARDOT | H86: CALLE 16 NO 2 45 ALTO DE LA CRUZ | I86: 252430 | J86: Laura.parraq@gmail.com | K86: (+57) 3004154621 | L86: 1N | M86: 0 | N86: REFERIDOS | O86: N/A | P86: ELIZABETH QUIROGA | Q86: PENDIENTE | R86: VIGENTE
A87: 45945.645 | B87: LAURA TATIANA OSPINA SALAZAR | C87: 1034659000 | D87: N/A | E87: COLOMBIA | F87: BOGOTA D.C. | G87: BOGOTA | H87: LARA 22 I NO 59A SUR 18 EL CHIRCAL SUR | I87: 110921 | J87: Lauraospi07@gmail.com | K87: (+57) 3175954171 | L87: 2Q | M87: 100000 | N87: 013403 | O87: REDEBAN | P87: ELIZABETH QUIROGA | Q87: PENDIENTE | R87: N/A
A88: 46055 | B88: LICETH ANDREA MARTINEZ HERNÁNDEZ | C88: 1014248041 | D88: N/A | E88: COLOMBIA | F88: CUNDINAMARCA | G88: GIRARDOT | H88: CALLE 36A NO 20 24 CONJUNTO VENTTO TORRE 2 APTO 503 | I88: 252430 | J88: Andrea2014mar@gmail.com | K88: (+57)3108605245 | L88: 6Q | M88: 150000 | N88: M24573851 | O88: NEQUI | P88: ELIZABETH QUIROGA | Q88: PENDIENTE | R88: N/A
A89: 46128 | B89: LUCIA OSPINA IZQUIERDO | C89: 52286781 | D89: N/A | E89: COLOMBIA | F89: TOLIMA | G89: ALVARADO | H89: CALLE 5A No 1 74 CENTRO | I89: 730520 | J89: olucia18@yahoo.com | K89: (+57) 3115477809 | L89: 2Q | M89: 100000 | N89: 252036 | O89: WOMPI | P89: ELIZABETH QUIROGA | Q89: PENDIENTE | R89: N/A
A90: 46128.795 | B90: LUCIA OSPINA IZQUIERDO | C90: 52286781 | D90: N/A | E90: COLOMBIA | F90: TOLIMA | G90: ALVARADO | H90: CALLE 5A No 1 74 CENTRO | I90: 730520 | J90: olucia18@yahoo.com | K90: (+57) 3115477809 | L90: 1V | M90: 0 | N90: GIRO RULETA | O90: N/A | P90: ELIZABETH QUIROGA | Q90: PENDIENTE | R90: N/A
A91: 46048 | B91: LUIS EDGAR HERNANDEZ MARTÍNEZ | C91: 3209263 | D91: N/A | E91: COLOMBIA | F91: CUNDINAMARCA | G91: GIRARDOT | H91: KR 18 NO 22 85 AP 202 | I91: 252431 | J91: Luisedgarmartinez0515 | K91: (+57) 3135044441 | L91: 6Q | M91: 150000 | N91: M11000846 | O91: NEQUI | P91: ELIZABETH QUIROGA | Q91: ENVIADO | R91: N/A | T91: ENVIADO EN PDF
A92: 46117 | B92: LUIS EDGAR HERNANDEZ MARTÍNEZ | C92: 3209263 | D92: N/A | E92: COLOMBIA | F92: CUNDINAMARCA | G92: GIRARDOT | H92: KR 18 NO 22 85 AP 202 | I92: 252431 | J92: Luisedgarmartinez0515 | K92: (+57) 3135044441 | L92: 2Q+1V | M92: 100000 | N92: M15559424 | O92: NEQUI | P92: ELIZABETH QUIROGA | Q92: ENVIADO | R92: N/A | T92: ENVIADO EN PDF
A93: 46150 | B93: LUIS EDGAR HERNANDEZ MARTÍNEZ | C93: 3209263 | D93: N/A | E93: COLOMBIA | F93: CUNDINAMARCA | G93: GIRARDOT | H93: KR 18 NO 22 85 AP 202 | I93: 252431 | J93: Luisedgarmartinez0515 | K93: (+57) 3135044441 | L93: 1N | M93: 0 | N93: REFERIDOS | O93: N/A | P93: ELIZABETH QUIROGA | Q93: ENVIADO | R93: N/A | T93: ENVIADO EN PDF
A94: 46126 | B94: LUIS EDUARDO BARRERA TORRES | C94: 79427033 | D94: BG508596 | E94: COLOMBIA | F94: BOGOTA D.C. | G94: BOGOTA | H94: AC 57SUR 73 71 TORRE 8 00203 ESTANCIA BOGOTÁ | I94: 111921 | J94: distribuidoralubart@gmail.com | K94: (+57) 3158531932 | L94: 2Q | M94: 0 | N94: GIRO RULETA | O94: N/A | P94: ELIZABETH QUIROGA | Q94: PENDIENTE | R94: VIGENTE
A95: 46126 | B95: LUIS EDUARDO BARRERA TORRES | C95: 79427033 | D95: BG508596 | E95: COLOMBIA | F95: BOGOTA D.C. | G95: BOGOTA | H95: AC 57SUR 73 71 TORRE 8 00203 ESTANCIA BOGOTÁ | I95: 111921 | J95: distribuidoralubart@gmail.com | K95: (+57) 3158531932 | L95: 2Q | M95: 100000 | N95: M19162468 | O95: NEQUI | P95: ELIZABETH QUIROGA | Q95: PENDIENTE | R95: VIGENTE
A96: 45950.463 | B96: LUIS EDUARDO PEREZ LOZANO | C96: 11312576 | D96: N/A | E96: COLOMBIA | F96: CUNDINAMARCA | G96: GIRARDOT | H96: MANZANA J CASA 19 CAMBULOS | I96: 252430 252439 | J96: luiseduardoperez3010@gmail.com | K96: (+57) 3219603845 | L96: 2Q | M96: 100000 | N96: M3149359 | O96: NEQUI | P96: ELIZABETH QUIROGA | Q96: PENDIENTE | R96: N/A
A97: 46168 | B97: LUIS EDUARDO PEREZ LOZANO | C97: 11312576 | D97: N/A | E97: COLOMBIA | F97: CUNDINAMARCA | G97: GIRARDOT | H97: MANZANA J CASA 19 CAMBULOS | I97: 252430 | J97: luiseduardoperez3010@gmail.com | K97: (+57) 3219603845 | L97: 1Q | M97: 20000 | N97: M19202010 | O97: DAVIPLATA | P97: ELIZABETH QUIROGA | Q97: PENDIENTE | R97: N/A
A98: 46114 | B98: MANUEL STEBAN VARGAS UBAQUE | C98: 1003517850 | D98: N/A | E98: COLOMBIA | F98: CUNDINAMARCA | G98: FUSAGASUGA | H98: CL 4 NO 2 60 B | I98: 252211 | J98: vargassteban.2001@gmail.com | K98: (+57) 3133582638 | L98: 2Q+1V | M98: 100000 | N98: 63ba115d-6cbf-4af3-b542-4a8f300f8d21 | O98: DAVIVIENDA | P98: ELIZABETH QUIROGA | Q98: ENVIADO | R98: N/A | T98: ENVIADO EN PDF
A99: 45963 | B99: MARCO FIDEL BARRERO GARCÍA | C99: 11303585 | D99: N/A | E99: COLOMBIA | F99: CUNDINAMARCA | G99: GIRARDOT | H99: CALLE 10 NO 3 52 ALTO DE LA CRUZ | I99: 252430 | J99: pilyubaque09@gmail.com | K99: (+57) 3107576100 | L99: 2Q | M99: 100000 | N99: M10592006 | O99: NEQUI | P99: ELIZABETH QUIROGA | Q99: PENDIENTE | R99: N/A
A100: 45831 | B100: MARIA LILIA LIEVANO ERAZO | C100: 51709795 | D100: BF269962 | E100: COLOMBIA | F100: CUNDINAMARCA | G100: EL ROSAL | H100: AUTOPISTA MEDELLIN KM. 20 CONJUNTO FIORESTE TORRE 12 APTO 101 | I100: 250210 | J100: pilyubaque09@gmail.com | K100: (+57) 3157677064 | L100: 10Q | M100: 200000 | N100: M16124477 | O100: NEQUI | P100: ELIZABETH QUIROGA | Q100: PENDIENTE | R100: VIGENTE
A101: 45931 | B101: MARIA LILIA LIEVANO ERAZO | C101: 51709795 | D101: BF269962 | E101: COLOMBIA | F101: CUNDINAMARCA | G101: EL ROSAL | H101: AUTOPISTA MEDELLIN KM. 20 CONJUNTO FIORESTE TORRE 12 APTO 101 | I101: 250210 | J101: pilyubaque09@gmail.com | K101: (+57) 3157677064 | L101: 2Q | M101: 100000 | N101: M52006302 | O101: NEQUI | P101: ELIZABETH QUIROGA | Q101: PENDIENTE | R101: VIGENTE
A102: 46150 | B102: MARIA LILIA LIEVANO ERAZO | C102: 51709795 | D102: BF269962 | E102: COLOMBIA | F102: CUNDINAMARCA | G102: EL ROSAL | H102: AUTOPISTA MEDELLIN KM. 20 CONJUNTO FIORESTE TORRE 12 APTO 101 | I102: 250210 | J102: pilyubaque09@gmail.com | K102: (+57) 3157677064 | L102: 1N | M102: 0 | N102: REFERIDOS | O102: N/A | P102: ELIZABETH QUIROGA | Q102: PENDIENTE | R102: VIGENTE
A103: 46118 | B103: MARICELA MONCALEANO | C103: 39577546 | D103: N/A | E103: COLOMBIA | F103: CUNDINAMARCA | G103: GIRARDOT | H103: KRA 17 # 22 84 GAITAN | I103: 252442 | J103: pilyubaque09@gmail.com | K103: (+57) 3042106484 | L103: 5Q+2N | M103: 200000 | N103: M8842626 | O103: NEQUI | P103: ELIZABETH QUIROGA | Q103: PENDIENTE | R103: N/A
A104: 46144 | B104: MARICELA MONCALEANO | C104: 39577546 | D104: N/A | E104: COLOMBIA | F104: CUNDINAMARCA | G104: GIRARDOT | H104: KRA 17 # 22 84 GAITAN | I104: 252442 | J104: pilyubaque09@gmail.com | K104: (+57) 3042106484 | L104: 3N+3V | M104: 200000 | N104: M13103094 | O104: NEQUI | P104: ELIZABETH QUIROGA | Q104: PENDIENTE | R104: N/A
A105: 46144.603 | B105: MARICELA MONCALEANO | C105: 39577546 | D105: N/A | E105: COLOMBIA | F105: CUNDINAMARCA | G105: GIRARDOT | H105: KRA 17 # 22 84 GAITAN | I105: 252442 | J105: pilyubaque09@gmail.com | K105: (+57) 3042106484 | L105: 2N | M105: 0 | N105: GIRO RULETA | O105: N/A | P105: ELIZABETH QUIROGA | Q105: PENDIENTE | R105: N/A
A106: 46147.84 | B106: MARICELA MONCALEANO | C106: 39577546 | D106: N/A | E106: COLOMBIA | F106: CUNDINAMARCA | G106: GIRARDOT | H106: KRA 17 # 22 84 GAITAN | I106: 252442 | J106: pilyubaque09@gmail.com | K106: (+57) 3042106484 | L106: 2Q | M106: 0 | N106: GIRO RULETA | O106: N/A | P106: ELIZABETH QUIROGA | Q106: PENDIENTE | R106: N/A
A107: 46181 | B107: MARICELA MONCALEANO | C107: 39577546 | D107: N/A | E107: COLOMBIA | F107: CUNDINAMARCA | G107: GIRARDOT | H107: KRA 17 # 22 84 GAITAN | I107: 252442 | J107: pilyubaque09@gmail.com | K107: (+57) 3042106484 | L107: 9Q | M107: 180000 | N107: M04027344 | O107: DAVIPLATA | P107: ELIZABETH QUIROGA | Q107: PENDIENTE | R107: N/A
A108: 46059 | B108: MARTHA ELIZABETH JIMENEZ | C108: 39790944 | D108: N/A | E108: COLOMBIA | F108: CUNDINAMARCA | G108: GIRARDOT | H108: MANZANA 2E INT 2 APTO 301 CIUDADELA VALLE DEL SOL | I108: 252431 | J108: pilyubaque09@gmail.com | K108: (+57) 3202180892 | L108: 6Q | M108: 150000 | N108: M16665897 | O108: NEQUI | P108: ELIZABETH QUIROGA | Q108: PENDIENTE | R108: N/A
A109: 46100 | B109: MARTHA ELIZABETH JIMENEZ | C109: 39790944 | D109: N/A | E109: COLOMBIA | F109: CUNDINAMARCA | G109: GIRARDOT | H109: MANZANA 2E INT 2 APTO 301 CIUDADELA VALLE DEL SOL | I109: 252431 | J109: pilyubaque09@gmail.com | K109: (+57) 3202180892 | L109: 5Q+2N | M109: 200000 | N109: M17048836 | O109: NEQUI | P109: ELIZABETH QUIROGA | Q109: PENDIENTE | R109: N/A
A110: 46183 | B110: MARTHA ELIZABETH JIMENEZ | C110: 39790944 | D110: N/A | E110: COLOMBIA | F110: CUNDINAMARCA | G110: GIRARDOT | H110: MANZANA 2E INT 2 APTO 301 CIUDADELA VALLE DEL SOL | I110: 252431 | J110: pilyubaque09@gmail.com | K110: (+57) 3202180892 | L110: 1Q | M110: 20000 | N110: M19585146 | O110: DAVIPLATA | P110: ELIZABETH QUIROGA | Q110: PENDIENTE | R110: N/A
A111: 46129 | B111: MARTHA LUCIA CALDERON NIÑO | C111: 39567642 | D111: BI051667 | E111: COLOMBIA | F111: CUNDINAMARCA | G111: GIRARDOT | H111: Calle 21A #4-08 | I111: 252431 | J111: pilyubaque09@gmail.com | K111: (+57) 3143907273 | L111: 5Q+2N | M111: 200000 | N111: 6H6TE84YSC | O111: BANCOLOMBIA | P111: ELIZABETH QUIROGA | Q111: ENVIADO | R111: VIGENTE | T111: ENVIADO EN PDF
A112: 46129.829 | B112: MARTHA LUCIA CALDERON NIÑO | C112: 39567642 | D112: BI051667 | E112: COLOMBIA | F112: CUNDINAMARCA | G112: GIRARDOT | H112: Calle 21A #4-08 | I112: 252431 | J112: pilyubaque09@gmail.com | K112: (+57) 3143907273 | L112: 1N | M112: 0 | N112: GIRO RULETA | O112: N/A | P112: ELIZABETH QUIROGA | Q112: ENVIADO | R112: VIGENTE | T112: ENVIADO EN PDF
...

Sheet MATRIZ LISTADO
V3: SI | W3: FIDUCIA
V4: NO | W4: NUBE
C16: LIDER: | D16: ELIZABETH QUIROGA
Y17: PORCENTAJES
B18: CC-ID-DNI | C18: NOMBRE | D18: QUINTILLION 5M | F18: NONGENTILLION 10M | H18: VIGINTILLION 7,5M | J18: MONEDA ZIMBABWE 500k | L18: BILLETE DE ZIMBABWE 12,5M | N18: AGROCHEQUE50M | P18: OTROS | R18: USD | S18: TOTAL -10% | T18: 1% PAGO INICIAL | U18: FIDUCIA | V18: NUBE | W18: SKR SI/NO | X18: FIDUCIA/NUBE | Y18: BANCO | Z18: FIDUCIA | AA18: NUBE | AB18: TOTAL
A19: LISTA | B19: CC-ID-DNI | C19: NOMBRE | D19: CANT | E19: MONTO | F19: CANT2 | G19: MONTO2 | H19: CANT3 | I19: MONTO3 | J19: CANT4 | K19: MONTO4 | L19: CANT5 | M19: MONTO5 | N19: CANT6 | O19: MONTO6 | P19: CANT7 | Q19: MONTO7 | R19: USD | S19: TOTAL -10% | T19: 1% PAGO INICIAL | U19: % FIDUCIA | V19: % NUBE | W19: SKR SI/NO | X19: FIDUCIA/NUBE | Y19: BANCO | Z19: FIDUCIA | AA19: NUBE | AB19: 100%
A20: 1 | B20: 65698739 | C20: ANGELICA OSPINA IZQUIERDO | D20: 3 | E20: =(Tabla3[[#This Row],[CANT]]*5000000) -> 15000000 | R20: =(Tabla3[[#This Row],[MONTO]]+Tabla3[[#This Row],[MONTO2]]+Tabla3[[#This Row],[MONTO3]]+Tabla3[[#This Row],[MONTO4]]+Tabla3[[#This Row],[MONTO5]]+Tabla3[[#This Row],[MONTO6]]+Tabla3[[#This Row],[MONTO7]]) -> 15000000 | S20: =R20-(R20*10%) -> 13500000 | T20: =(S20*1%) -> 135000 | U20: =(Tabla3[[#This Row],[TOTAL -10%]]*Tabla3[[#This Row],[FIDUCIA]]) -> 13365000 | V20: =(Tabla3[[#This Row],[TOTAL -10%]]*Tabla3[[#This Row],[NUBE]]) -> 0 | W20: SI | X20: FIDUCIA | Y20: 0.01 | Z20: 0.99 | AB20: =SUM(Y20:AA20) -> 1 | AC20: =IF(AB20="","",IF(AB20=100%,"OK","ERROR")) -> OK
A21: =(A20+1) -> 2 | B21: 1070022846 | C21: AURA MARIA RODRIGUEZ BURGOS | F21: 5 | G21: 50000000 | H21: 3 | I21: 22500000 | R21: =(Tabla3[[#This Row],[MONTO]]+Tabla3[[#This Row],[MONTO2]]+Tabla3[[#This Row],[MONTO3]]+Tabla3[[#This Row],[MONTO4]]+Tabla3[[#This Row],[MONTO5]]+Tabla3[[#This Row],[MONTO6]]+Tabla3[[#This Row],[MONTO7]]) -> 72500000 | S21: =R21-(R21*10%) -> 65250000 | T21: =(S21*1%) -> 652500 | U21: =(Tabla3[[#This Row],[TOTAL -10%]]*Tabla3[[#This Row],[FIDUCIA]]) -> 64597500 | V21: =(Tabla3[[#This Row],[TOTAL -10%]]*Tabla3[[#This Row],[NUBE]]) -> 0 | W21: SI | X21: FIDUCIA | Y21: 0.01 | Z21: 0.99 | AB21: =SUM(Y21:AA21) -> 1 | AC21: =IF(AB21="","",IF(AB21=100%,"OK","ERROR")) -> OK
A22: =(A21+1) -> 3 | B22: 51760534 | C22: BLANCA ELIZABETH QUIROGA CASTIBLANCO | D22: 1142 | E22: =(Tabla3[[#This Row],[CANT]]*5000000) -> 5710000000 | F22: 1 | G22: 10000000 | H22: 22 | I22: 165000000 | J22: 2 | K22: 1000000 | N22: 1 | O22: =(Tabla3[[#This Row],[CANT6]]*200000) -> 200000 | R22: =(Tabla3[[#This Row],[MONTO]]+Tabla3[[#This Row],[MONTO2]]+Tabla3[[#This Row],[MONTO3]]+Tabla3[[#This Row],[MONTO4]]+Tabla3[[#This Row],[MONTO5]]+Tabla3[[#This Row],[MONTO6]]+Tabla3[[#This Row],[MONTO7]]) -> 5886200000 | S22: =R22-(R22*10%) -> 5297580000 | T22: =(S22*1%) -> 52975800 | U22: =(Tabla3[[#This Row],[TOTAL -10%]]*Tabla3[[#This Row],[FIDUCIA]]) -> 2119032000 | V22: =(Tabla3[[#This Row],[TOTAL -10%]]*Tabla3[[#This Row],[NUBE]]) -> 3125572200 | W22: SI | X22: FIDUCIA/NUBE | Y22: 0.01 | Z22: 0.4 | AA22: 0.59 | AB22: =SUM(Y22:AA22) -> 1 | AC22: =IF(AB22="","",IF(AB22=100%,"OK","ERROR")) -> OK
A23: =(A22+1) -> 4 | B23: 16266851 | C23: CARLOS ERNESTO PAZ CABAL | D23: 2 | E23: =(Tabla3[[#This Row],[CANT]]*5000000) -> 10000000 | F23: 3 | G23: 30000000 | H23: 2 | I23: 15000000 | R23: =(Tabla3[[#This Row],[MONTO]]+Tabla3[[#This Row],[MONTO2]]+Tabla3[[#This Row],[MONTO3]]+Tabla3[[#This Row],[MONTO4]]+Tabla3[[#This Row],[MONTO5]]+Tabla3[[#This Row],[MONTO6]]+Tabla3[[#This Row],[MONTO7]]) -> 55000000 | S23: =R23-(R23*10%) -> 49500000 | T23: =(S23*1%) -> 495000 | U23: =(Tabla3[[#This Row],[TOTAL -10%]]*Tabla3[[#This Row],[FIDUCIA]]) -> 49005000 | V23: =(Tabla3[[#This Row],[TOTAL -10%]]*Tabla3[[#This Row],[NUBE]]) -> 0 | W23: SI | X23: FIDUCIA | Y23: 0.01 | Z23: 0.99 | AB23: =SUM(Y23:AA23) -> 1 | AC23: =IF(AB23="","",IF(AB23=100%,"OK","ERROR")) -> OK
A24: =(A23+1) -> 5 | B24: 39585053 | C24: CONSUELO MONTEJO CASAS | D24: 2 | E24: =(Tabla3[[#This Row],[CANT]]*5000000) -> 10000000 | H24: 1 | I24: 7500000 | R24: =(Tabla3[[#This Row],[MONTO]]+Tabla3[[#This Row],[MONTO2]]+Tabla3[[#This Row],[MONTO3]]+Tabla3[[#This Row],[MONTO4]]+Tabla3[[#This Row],[MONTO5]]+Tabla3[[#This Row],[MONTO6]]+Tabla3[[#This Row],[MONTO7]]) -> 17500000 | S24: =R24-(R24*10%) -> 15750000 | T24: =(S24*1%) -> 157500 | U24: =(Tabla3[[#This Row],[TOTAL -10%]]*Tabla3[[#This Row],[FIDUCIA]]) -> 15592500 | V24: =(Tabla3[[#This Row],[TOTAL -10%]]*Tabla3[[#This Row],[NUBE]]) -> 0 | W24: SI | X24: FIDUCIA | Y24: 0.01 | Z24: 0.99 | AB24: =SUM(Y24:AA24) -> 1 | AC24: =IF(AB24="","",IF(AB24=100%,"OK","ERROR")) -> OK
A25: =(A24+1) -> 6 | B25: 7717811 | C25: CRISTOBAL VELEZ CAMACHO | D25: 9 | E25: =(Tabla3[[#This Row],[CANT]]*5000000) -> 45000000 | R25: =(Tabla3[[#This Row],[MONTO]]+Tabla3[[#This Row],[MONTO2]]+Tabla3[[#This Row],[MONTO3]]+Tabla3[[#This Row],[MONTO4]]+Tabla3[[#This Row],[MONTO5]]+Tabla3[[#This Row],[MONTO6]]+Tabla3[[#This Row],[MONTO7]]) -> 45000000 | S25: =R25-(R25*10%) -> 40500000 | T25: =(S25*1%) -> 405000 | U25: =(Tabla3[[#This Row],[TOTAL -10%]]*Tabla3[[#This Row],[FIDUCIA]]) -> 40095000 | V25: =(Tabla3[[#This Row],[TOTAL -10%]]*Tabla3[[#This Row],[NUBE]]) -> 0 | W25: SI | X25: FIDUCIA | Y25: 0.01 | Z25: 0.99 | AB25: =SUM(Y25:AA25) -> 1 | AC25: =IF(AB25="","",IF(AB25=100%,"OK","ERROR")) -> OK
A26: =(A25+1) -> 7 | B26: 1106896741 | C26: CRISTIAN CAMILO CALDERON CHARRY | D26: 4 | E26: =(Tabla3[[#This Row],[CANT]]*5000000) -> 20000000 | H26: 1 | I26: 7500000 | R26: =(Tabla3[[#This Row],[MONTO]]+Tabla3[[#This Row],[MONTO2]]+Tabla3[[#This Row],[MONTO3]]+Tabla3[[#This Row],[MONTO4]]+Tabla3[[#This Row],[MONTO5]]+Tabla3[[#This Row],[MONTO6]]+Tabla3[[#This Row],[MONTO7]]) -> 27500000 | S26: =R26-(R26*10%) -> 24750000 | T26: =(S26*1%) -> 247500 | U26: =(Tabla3[[#This Row],[TOTAL -10%]]*Tabla3[[#This Row],[FIDUCIA]]) -> 0 | V26: =(Tabla3[[#This Row],[TOTAL -10%]]*Tabla3[[#This Row],[NUBE]]) -> 24502500 | W26: SI | X26: NUBE | Y26: 0.01 | AA26: 0.99 | AB26: =SUM(Y26:AA26) -> 1 | AC26: =IF(AB26="","",IF(AB26=100%,"OK","ERROR")) -> OK
A27: =(A26+1) -> 8 | B27: 41650899 | C27: DILIA MARIA JAIMES RICHOUX | D27: 11 | E27: =(Tabla3[[#This Row],[CANT]]*5000000) -> 55000000 | F27: 2 | G27: 20000000 | H27: 2 | I27: 15000000 | R27: =(Tabla3[[#This Row],[MONTO]]+Tabla3[[#This Row],[MONTO2]]+Tabla3[[#This Row],[MONTO3]]+Tabla3[[#This Row],[MONTO4]]+Tabla3[[#This Row],[MONTO5]]+Tabla3[[#This Row],[MONTO6]]+Tabla3[[#This Row],[MONTO7]]) -> 90000000 | S27: =R27-(R27*10%) -> 81000000 | T27: =(S27*1%) -> 810000 | U27: =(Tabla3[[#This Row],[TOTAL -10%]]*Tabla3[[#This Row],[FIDUCIA]]) -> 80190000 | V27: =(Tabla3[[#This Row],[TOTAL -10%]]*Tabla3[[#This Row],[NUBE]]) -> 0 | W27: SI | X27: FIDUCIA | Y27: 0.01 | Z27: 0.99 | AB27: =SUM(Y27:AA27) -> 1 | AC27: =IF(AB27="","",IF(AB27=100%,"OK","ERROR")) -> OK
A28: =(A27+1) -> 9 | B28: 28844684 | C28: DORA CECILIA HUERTAS PRIETO | D28: 6 | E28: =(Tabla3[[#This Row],[CANT]]*5000000) -> 30000000 | R28: =(Tabla3[[#This Row],[MONTO]]+Tabla3[[#This Row],[MONTO2]]+Tabla3[[#This Row],[MONTO3]]+Tabla3[[#This Row],[MONTO4]]+Tabla3[[#This Row],[MONTO5]]+Tabla3[[#This Row],[MONTO6]]+Tabla3[[#This Row],[MONTO7]]) -> 30000000 | S28: =R28-(R28*10%) -> 27000000 | T28: =(S28*1%) -> 270000 | U28: =(Tabla3[[#This Row],[TOTAL -10%]]*Tabla3[[#This Row],[FIDUCIA]]) -> 0 | V28: =(Tabla3[[#This Row],[TOTAL -10%]]*Tabla3[[#This Row],[NUBE]]) -> 26730000 | W28: SI | X28: NUBE | Y28: 0.01 | AA28: 0.99 | AB28: =SUM(Y28:AA28) -> 1 | AC28: =IF(AB28="","",IF(AB28=100%,"OK","ERROR")) -> OK
A29: =(A28+1) -> 10 | B29: 38225833 | C29: ELVIRA ROJAS RIVERA | D29: 4 | E29: =(Tabla3[[#This Row],[CANT]]*5000000) -> 20000000 | F29: 5 | G29: 50000000 | H29: 5 | I29: 37500000 | J29: 1 | K29: 500000 | R29: =(Tabla3[[#This Row],[MONTO]]+Tabla3[[#This Row],[MONTO2]]+Tabla3[[#This Row],[MONTO3]]+Tabla3[[#This Row],[MONTO4]]+Tabla3[[#This Row],[MONTO5]]+Tabla3[[#This Row],[MONTO6]]+Tabla3[[#This Row],[MONTO7]]) -> 108000000 | S29: =R29-(R29*10%) -> 97200000 | T29: =(S29*1%) -> 972000 | U29: =(Tabla3[[#This Row],[TOTAL -10%]]*Tabla3[[#This Row],[FIDUCIA]]) -> 96228000 | V29: =(Tabla3[[#This Row],[TOTAL -10%]]*Tabla3[[#This Row],[NUBE]]) -> 0 | W29: SI | X29: FIDUCIA | Y29: 0.01 | Z29: 0.99 | AB29: =SUM(Y29:AA29) -> 1 | AC29: =IF(AB29="","",IF(AB29=100%,"OK","ERROR")) -> OK
A30: =(A29+1) -> 11 | B30: 11315053 | C30: FERNANDO ALFONSO OVALLE GUTIERREZ | D30: 9 | E30: =(Tabla3[[#This Row],[CANT]]*5000000) -> 45000000 | F30: 13 | G30: 130000000 | H30: 7 | I30: 52500000 | R30: =(Tabla3[[#This Row],[MONTO]]+Tabla3[[#This Row],[MONTO2]]+Tabla3[[#This Row],[MONTO3]]+Tabla3[[#This Row],[MONTO4]]+Tabla3[[#This Row],[MONTO5]]+Tabla3[[#This Row],[MONTO6]]+Tabla3[[#This Row],[MONTO7]]) -> 227500000 | S30: =R30-(R30*10%) -> 204750000 | T30: =(S30*1%) -> 2047500 | U30: =(Tabla3[[#This Row],[TOTAL -10%]]*Tabla3[[#This Row],[FIDUCIA]]) -> 0 | V30: =(Tabla3[[#This Row],[TOTAL -10%]]*Tabla3[[#This Row],[NUBE]]) -> 202702500 | W30: SI | X30: NUBE | Y30: 0.01 | AA30: 0.99 | AB30: =SUM(Y30:AA30) -> 1 | AC30: =IF(AB30="","",IF(AB30=100%,"OK","ERROR")) -> OK
A31: =(A30+1) -> 12 | B31: 80355504 | C31: GABRIEL HERNANDEZ MARTINEZ | D31: 3 | E31: =(Tabla3[[#This Row],[CANT]]*5000000) -> 15000000 | H31: 1 | I31: 7500000 | R31: =(Tabla3[[#This Row],[MONTO]]+Tabla3[[#This Row],[MONTO2]]+Tabla3[[#This Row],[MONTO3]]+Tabla3[[#This Row],[MONTO4]]+Tabla3[[#This Row],[MONTO5]]+Tabla3[[#This Row],[MONTO6]]+Tabla3[[#This Row],[MONTO7]]) -> 22500000 | S31: =R31-(R31*10%) -> 20250000 | T31: =(S31*1%) -> 202500 | U31: =(Tabla3[[#This Row],[TOTAL -10%]]*Tabla3[[#This Row],[FIDUCIA]]) -> 0 | V31: =(Tabla3[[#This Row],[TOTAL -10%]]*Tabla3[[#This Row],[NUBE]]) -> 20047500 | W31: SI | X31: NUBE | Y31: 0.01 | AA31: 0.99 | AB31: =SUM(Y31:AA31) -> 1 | AC31: =IF(AB31="","",IF(AB31=100%,"OK","ERROR")) -> OK
A32: =(A31+1) -> 13 | B32: 13460654 | C32: GERMAN MEDINA SARMIENTO | D32: 9 | E32: =(Tabla3[[#This Row],[CANT]]*5000000) -> 45000000 | F32: 1 | G32: 10000000 | H32: 1 | I32: 7500000 | R32: =(Tabla3[[#This Row],[MONTO]]+Tabla3[[#This Row],[MONTO2]]+Tabla3[[#This Row],[MONTO3]]+Tabla3[[#This Row],[MONTO4]]+Tabla3[[#This Row],[MONTO5]]+Tabla3[[#This Row],[MONTO6]]+Tabla3[[#This Row],[MONTO7]]) -> 62500000 | S32: =R32-(R32*10%) -> 56250000 | T32: =(S32*1%) -> 562500 | U32: =(Tabla3[[#This Row],[TOTAL -10%]]*Tabla3[[#This Row],[FIDUCIA]]) -> 55687500 | V32: =(Tabla3[[#This Row],[TOTAL -10%]]*Tabla3[[#This Row],[NUBE]]) -> 0 | W32: SI | X32: FIDUCIA | Y32: 0.01 | Z32: 0.99 | AB32: =SUM(Y32:AA32) -> 1 | AC32: =IF(AB32="","",IF(AB32=100%,"OK","ERROR")) -> OK
A33: =(A32+1) -> 14 | B33: 14370092 | C33: GILBERTO DEVIA QUIÑONES | D33: 4 | E33: =(Tabla3[[#This Row],[CANT]]*5000000) -> 20000000 | H33: 1 | I33: 7500000 | R33: =(Tabla3[[#This Row],[MONTO]]+Tabla3[[#This Row],[MONTO2]]+Tabla3[[#This Row],[MONTO3]]+Tabla3[[#This Row],[MONTO4]]+Tabla3[[#This Row],[MONTO5]]+Tabla3[[#This Row],[MONTO6]]+Tabla3[[#This Row],[MONTO7]]) -> 27500000 | S33: =R33-(R33*10%) -> 24750000 | T33: =(S33*1%) -> 247500 | U33: =(Tabla3[[#This Row],[TOTAL -10%]]*Tabla3[[#This Row],[FIDUCIA]]) -> 24502500 | V33: =(Tabla3[[#This Row],[TOTAL -10%]]*Tabla3[[#This Row],[NUBE]]) -> 0 | W33: SI | X33: FIDUCIA | Y33: 0.01 | Z33: 0.99 | AB33: =SUM(Y33:AA33) -> 1 | AC33: =IF(AB33="","",IF(AB33=100%,"OK","ERROR")) -> OK
A34: =(A33+1) -> 15 | B34: 1075231467 | C34: GINA MILENA MORENO PERDOMO | D34: 6 | E34: =(Tabla3[[#This Row],[CANT]]*5000000) -> 30000000 | R34: =(Tabla3[[#This Row],[MONTO]]+Tabla3[[#This Row],[MONTO2]]+Tabla3[[#This Row],[MONTO3]]+Tabla3[[#This Row],[MONTO4]]+Tabla3[[#This Row],[MONTO5]]+Tabla3[[#This Row],[MONTO6]]+Tabla3[[#This Row],[MONTO7]]) -> 30000000 | S34: =R34-(R34*10%) -> 27000000 | T34: =(S34*1%) -> 270000 | U34: =(Tabla3[[#This Row],[TOTAL -10%]]*Tabla3[[#This Row],[FIDUCIA]]) -> 26730000 | V34: =(Tabla3[[#This Row],[TOTAL -10%]]*Tabla3[[#This Row],[NUBE]]) -> 0 | W34: SI | X34: FIDUCIA | Y34: 0.01 | Z34: 0.99 | AB34: =SUM(Y34:AA34) -> 1 | AC34: =IF(AB34="","",IF(AB34=100%,"OK","ERROR")) -> OK
A35: =(A34+1) -> 16 | B35: 20563430 | C35: GRICELDA GUTIERREZ | D35: 6 | E35: =(Tabla3[[#This Row],[CANT]]*5000000) -> 30000000 | F35: 2 | G35: 20000000 | H35: 1 | I35: 7500000 | R35: =(Tabla3[[#This Row],[MONTO]]+Tabla3[[#This Row],[MONTO2]]+Tabla3[[#This Row],[MONTO3]]+Tabla3[[#This Row],[MONTO4]]+Tabla3[[#This Row],[MONTO5]]+Tabla3[[#This Row],[MONTO6]]+Tabla3[[#This Row],[MONTO7]]) -> 57500000 | S35: =R35-(R35*10%) -> 51750000 | T35: =(S35*1%) -> 517500 | U35: =(Tabla3[[#This Row],[TOTAL -10%]]*Tabla3[[#This Row],[FIDUCIA]]) -> 51232500 | V35: =(Tabla3[[#This Row],[TOTAL -10%]]*Tabla3[[#This Row],[NUBE]]) -> 0 | W35: SI | X35: FIDUCIA | Y35: 0.01 | Z35: 0.99 | AB35: =SUM(Y35:AA35) -> 1 | AC35: =IF(AB35="","",IF(AB35=100%,"OK","ERROR")) -> OK
A36: =(A35+1) -> 17 | B36: 1018473483 | C36: HARVEY NICOLÁS PARRA QUIROGA | D36: 2 | E36: =(Tabla3[[#This Row],[CANT]]*5000000) -> 10000000 | F36: 2 | G36: 20000000 | R36: =(Tabla3[[#This Row],[MONTO]]+Tabla3[[#This Row],[MONTO2]]+Tabla3[[#This Row],[MONTO3]]+Tabla3[[#This Row],[MONTO4]]+Tabla3[[#This Row],[MONTO5]]+Tabla3[[#This Row],[MONTO6]]+Tabla3[[#This Row],[MONTO7]]) -> 30000000 | S36: =R36-(R36*10%) -> 27000000 | T36: =(S36*1%) -> 270000 | U36: =(Tabla3[[#This Row],[TOTAL -10%]]*Tabla3[[#This Row],[FIDUCIA]]) -> 10800000 | V36: =(Tabla3[[#This Row],[TOTAL -10%]]*Tabla3[[#This Row],[NUBE]]) -> 15930000 | W36: SI | X36: FIDUCIA/NUBE | Y36: 0.01 | Z36: 0.4 | AA36: 0.59 | AB36: =SUM(Y36:AA36) -> 1 | AC36: =IF(AB36="","",IF(AB36=100%,"OK","ERROR")) -> OK
A37: =(A36+1) -> 18 | B37: 20647654 | C37: HORTENCIA NIÑO JUSTINICO | D37: 16 | E37: =(Tabla3[[#This Row],[CANT]]*5000000) -> 80000000 | F37: 16 | G37: 160000000 | H37: 4 | I37: 30000000 | R37: =(Tabla3[[#This Row],[MONTO]]+Tabla3[[#This Row],[MONTO2]]+Tabla3[[#This Row],[MONTO3]]+Tabla3[[#This Row],[MONTO4]]+Tabla3[[#This Row],[MONTO5]]+Tabla3[[#This Row],[MONTO6]]+Tabla3[[#This Row],[MONTO7]]) -> 270000000 | S37: =R37-(R37*10%) -> 243000000 | T37: =(S37*1%) -> 2430000 | U37: =(Tabla3[[#This Row],[TOTAL -10%]]*Tabla3[[#This Row],[FIDUCIA]]) -> 0 | V37: =(Tabla3[[#This Row],[TOTAL -10%]]*Tabla3[[#This Row],[NUBE]]) -> 240570000 | W37: SI | X37: NUBE | Y37: 0.01 | AA37: 0.99 | AB37: =SUM(Y37:AA37) -> 1 | AC37: =IF(AB37="","",IF(AB37=100%,"OK","ERROR")) -> OK
A38: =(A37+1) -> 19 | B38: 31496340 | C38: JANETH BURITICA MEJIA | D38: 2 | E38: =(Tabla3[[#This Row],[CANT]]*5000000) -> 10000000 | F38: 1 | G38: 10000000 | R38: =(Tabla3[[#This Row],[MONTO]]+Tabla3[[#This Row],[MONTO2]]+Tabla3[[#This Row],[MONTO3]]+Tabla3[[#This Row],[MONTO4]]+Tabla3[[#This Row],[MONTO5]]+Tabla3[[#This Row],[MONTO6]]+Tabla3[[#This Row],[MONTO7]]) -> 20000000 | S38: =R38-(R38*10%) -> 18000000 | T38: =(S38*1%) -> 180000 | U38: =(Tabla3[[#This Row],[TOTAL -10%]]*Tabla3[[#This Row],[FIDUCIA]]) -> 17820000 | V38: =(Tabla3[[#This Row],[TOTAL -10%]]*Tabla3[[#This Row],[NUBE]]) -> 0 | W38: SI | X38: FIDUCIA | Y38: 0.01 | Z38: 0.99 | AB38: =SUM(Y38:AA38) -> 1 | AC38: =IF(AB38="","",IF(AB38=100%,"OK","ERROR")) -> OK
A39: =(A38+1) -> 20 | B39: 11315984 | C39: JAVIER FERNANDO DE LA ROCHE GUTIERREZ | D39: 12 | E39: =(Tabla3[[#This Row],[CANT]]*5000000) -> 60000000 | J39: 1 | K39: 500000 | R39: =(Tabla3[[#This Row],[MONTO]]+Tabla3[[#This Row],[MONTO2]]+Tabla3[[#This Row],[MONTO3]]+Tabla3[[#This Row],[MONTO4]]+Tabla3[[#This Row],[MONTO5]]+Tabla3[[#This Row],[MONTO6]]+Tabla3[[#This Row],[MONTO7]]) -> 60500000 | S39: =R39-(R39*10%) -> 54450000 | T39: =(S39*1%) -> 544500 | U39: =(Tabla3[[#This Row],[TOTAL -10%]]*Tabla3[[#This Row],[FIDUCIA]]) -> 53905500 | V39: =(Tabla3[[#This Row],[TOTAL -10%]]*Tabla3[[#This Row],[NUBE]]) -> 0 | W39: SI | X39: FIDUCIA | Y39: 0.01 | Z39: 0.99 | AB39: =SUM(Y39:AA39) -> 1 | AC39: =IF(AB39="","",IF(AB39=100%,"OK","ERROR")) -> OK
A40: =(A39+1) -> 21 | B40: 1015413288 | C40: JEYRON ERICK SANCHEZ DIAZ | D40: 9 | E40: =(Tabla3[[#This Row],[CANT]]*5000000) -> 45000000 | F40: 3 | G40: 30000000 | R40: =(Tabla3[[#This Row],[MONTO]]+Tabla3[[#This Row],[MONTO2]]+Tabla3[[#This Row],[MONTO3]]+Tabla3[[#This Row],[MONTO4]]+Tabla3[[#This Row],[MONTO5]]+Tabla3[[#This Row],[MONTO6]]+Tabla3[[#This Row],[MONTO7]]) -> 75000000 | S40: =R40-(R40*10%) -> 67500000 | T40: =(S40*1%) -> 675000 | U40: =(Tabla3[[#This Row],[TOTAL -10%]]*Tabla3[[#This Row],[FIDUCIA]]) -> 66825000 | V40: =(Tabla3[[#This Row],[TOTAL -10%]]*Tabla3[[#This Row],[NUBE]]) -> 0 | W40: SI | X40: FIDUCIA | Y40: 0.01 | Z40: 0.99 | AB40: =SUM(Y40:AA40) -> 1 | AC40: =IF(AB40="","",IF(AB40=100%,"OK","ERROR")) -> OK
A41: =(A40+1) -> 22 | B41: 1069720253 | C41: JHON JAIRO HERNANDEZ AYOLA | D41: 2 | E41: =(Tabla3[[#This Row],[CANT]]*5000000) -> 10000000 | F41: 1 | G41: 10000000 | R41: =(Tabla3[[#This Row],[MONTO]]+Tabla3[[#This Row],[MONTO2]]+Tabla3[[#This Row],[MONTO3]]+Tabla3[[#This Row],[MONTO4]]+Tabla3[[#This Row],[MONTO5]]+Tabla3[[#This Row],[MONTO6]]+Tabla3[[#This Row],[MONTO7]]) -> 20000000 | S41: =R41-(R41*10%) -> 18000000 | T41: =(S41*1%) -> 180000 | U41: =(Tabla3[[#This Row],[TOTAL -10%]]*Tabla3[[#This Row],[FIDUCIA]]) -> 17820000 | V41: =(Tabla3[[#This Row],[TOTAL -10%]]*Tabla3[[#This Row],[NUBE]]) -> 0 | W41: SI | X41: FIDUCIA | Y41: 0.01 | Z41: 0.99 | AB41: =SUM(Y41:AA41) -> 1 | AC41: =IF(AB41="","",IF(AB41=100%,"OK","ERROR")) -> OK
A42: =(A41+1) -> 23 | B42: 11310744 | C42: JHON SANCHEZ MARTINEZ | D42: 6 | E42: =(Tabla3[[#This Row],[CANT]]*5000000) -> 30000000 | F42: 2 | G42: 20000000 | H42: 3 | I42: 22500000 | R42: =(Tabla3[[#This Row],[MONTO]]+Tabla3[[#This Row],[MONTO2]]+Tabla3[[#This Row],[MONTO3]]+Tabla3[[#This Row],[MONTO4]]+Tabla3[[#This Row],[MONTO5]]+Tabla3[[#This Row],[MONTO6]]+Tabla3[[#This Row],[MONTO7]]) -> 72500000 | S42: =R42-(R42*10%) -> 65250000 | T42: =(S42*1%) -> 652500 | U42: =(Tabla3[[#This Row],[TOTAL -10%]]*Tabla3[[#This Row],[FIDUCIA]]) -> 64597500 | V42: =(Tabla3[[#This Row],[TOTAL -10%]]*Tabla3[[#This Row],[NUBE]]) -> 0 | W42: SI | X42: FIDUCIA | Y42: 0.01 | Z42: 0.99 | AB42: =SUM(Y42:AA42) -> 1 | AC42: =IF(AB42="","",IF(AB42=100%,"OK","ERROR")) -> OK
A43: =(A42+1) -> 24 | B43: 1000862511 | C43: JOSE LUIS RIAÑO OSPINA | D43: 2 | E43: =(Tabla3[[#This Row],[CANT]]*5000000) -> 10000000 | R43: =(Tabla3[[#This Row],[MONTO]]+Tabla3[[#This Row],[MONTO2]]+Tabla3[[#This Row],[MONTO3]]+Tabla3[[#This Row],[MONTO4]]+Tabla3[[#This Row],[MONTO5]]+Tabla3[[#This Row],[MONTO6]]+Tabla3[[#This Row],[MONTO7]]) -> 10000000 | S43: =R43-(R43*10%) -> 9000000 | T43: =(S43*1%) -> 90000 | U43: =(Tabla3[[#This Row],[TOTAL -10%]]*Tabla3[[#This Row],[FIDUCIA]]) -> 8910000 | V43: =(Tabla3[[#This Row],[TOTAL -10%]]*Tabla3[[#This Row],[NUBE]]) -> 0 | W43: SI | X43: FIDUCIA | Y43: 0.01 | Z43: 0.99 | AB43: =SUM(Y43:AA43) -> 1 | AC43: =IF(AB43="","",IF(AB43=100%,"OK","ERROR")) -> OK
A44: =(A43+1) -> 25 | B44: 11223744 | C44: JOSE MAURICIO VELASQUEZ TRUJILLO | D44: 9 | E44: =(Tabla3[[#This Row],[CANT]]*5000000) -> 45000000 | F44: 1 | G44: 10000000 | H44: 1 | I44: 7500000 | R44: =(Tabla3[[#This Row],[MONTO]]+Tabla3[[#This Row],[MONTO2]]+Tabla3[[#This Row],[MONTO3]]+Tabla3[[#This Row],[MONTO4]]+Tabla3[[#This Row],[MONTO5]]+Tabla3[[#This Row],[MONTO6]]+Tabla3[[#This Row],[MONTO7]]) -> 62500000 | S44: =R44-(R44*10%) -> 56250000 | T44: =(S44*1%) -> 562500 | U44: =(Tabla3[[#This Row],[TOTAL -10%]]*Tabla3[[#This Row],[FIDUCIA]]) -> 55687500 | V44: =(Tabla3[[#This Row],[TOTAL -10%]]*Tabla3[[#This Row],[NUBE]]) -> 0 | W44: SI | X44: FIDUCIA | Y44: 0.01 | Z44: 0.99 | AB44: =SUM(Y44:AA44) -> 1 | AC44: =IF(AB44="","",IF(AB44=100%,"OK","ERROR")) -> OK
A45: =(A44+1) -> 26 | B45: 79912646 | C45: JOSELITO OSPINA IZQUIERDO | D45: 8 | E45: =(Tabla3[[#This Row],[CANT]]*5000000) -> 40000000 | F45: 7 | G45: 70000000 | H45: 4 | I45: 30000000 | R45: =(Tabla3[[#This Row],[MONTO]]+Tabla3[[#This Row],[MONTO2]]+Tabla3[[#This Row],[MONTO3]]+Tabla3[[#This Row],[MONTO4]]+Tabla3[[#This Row],[MONTO5]]+Tabla3[[#This Row],[MONTO6]]+Tabla3[[#This Row],[MONTO7]]) -> 140000000 | S45: =R45-(R45*10%) -> 126000000 | T45: =(S45*1%) -> 1260000 | U45: =(Tabla3[[#This Row],[TOTAL -10%]]*Tabla3[[#This Row],[FIDUCIA]]) -> 124740000 | V45: =(Tabla3[[#This Row],[TOTAL -10%]]*Tabla3[[#This Row],[NUBE]]) -> 0 | W45: SI | X45: FIDUCIA | Y45: 0.01 | Z45: 0.99 | AB45: =SUM(Y45:AA45) -> 1 | AC45: =IF(AB45="","",IF(AB45=100%,"OK","ERROR")) -> OK
A46: =(A45+1) -> 27 | B46: 1018492143 | C46: LAURA DANIELA PARRA QUIROGA | D46: 4 | E46: =(Tabla3[[#This Row],[CANT]]*5000000) -> 20000000 | F46: 1 | G46: 10000000 | R46: =(Tabla3[[#This Row],[MONTO]]+Tabla3[[#This Row],[MONTO2]]+Tabla3[[#This Row],[MONTO3]]+Tabla3[[#This Row],[MONTO4]]+Tabla3[[#This Row],[MONTO5]]+Tabla3[[#This Row],[MONTO6]]+Tabla3[[#This Row],[MONTO7]]) -> 30000000 | S46: =R46-(R46*10%) -> 27000000 | T46: =(S46*1%) -> 270000 | U46: =(Tabla3[[#This Row],[TOTAL -10%]]*Tabla3[[#This Row],[FIDUCIA]]) -> 10800000 | V46: =(Tabla3[[#This Row],[TOTAL -10%]]*Tabla3[[#This Row],[NUBE]]) -> 15930000 | W46: SI | X46: FIDUCIA/NUBE | Y46: 0.01 | Z46: 0.4 | AA46: 0.59 | AB46: =SUM(Y46:AA46) -> 1 | AC46: =IF(AB46="","",IF(AB46=100%,"OK","ERROR")) -> OK
A47: =(A46+1) -> 28 | B47: 1034659000 | C47: LAURA TATIANA OSPINA SALAZAR | D47: 2 | E47: =(Tabla3[[#This Row],[CANT]]*5000000) -> 10000000 | R47: =(Tabla3[[#This Row],[MONTO]]+Tabla3[[#This Row],[MONTO2]]+Tabla3[[#This Row],[MONTO3]]+Tabla3[[#This Row],[MONTO4]]+Tabla3[[#This Row],[MONTO5]]+Tabla3[[#This Row],[MONTO6]]+Tabla3[[#This Row],[MONTO7]]) -> 10000000 | S47: =R47-(R47*10%) -> 9000000 | T47: =(S47*1%) -> 90000 | U47: =(Tabla3[[#This Row],[TOTAL -10%]]*Tabla3[[#This Row],[FIDUCIA]]) -> 8910000 | V47: =(Tabla3[[#This Row],[TOTAL -10%]]*Tabla3[[#This Row],[NUBE]]) -> 0 | W47: SI | X47: FIDUCIA | Y47: 0.01 | Z47: 0.99 | AB47: =SUM(Y47:AA47) -> 1 | AC47: =IF(AB47="","",IF(AB47=100%,"OK","ERROR")) -> OK
A48: =(A47+1) -> 29 | B48: 1014248041 | C48: LICETH ANDREA MARTINEZ HERNÁNDEZ | D48: 6 | E48: =(Tabla3[[#This Row],[CANT]]*5000000) -> 30000000 | R48: =(Tabla3[[#This Row],[MONTO]]+Tabla3[[#This Row],[MONTO2]]+Tabla3[[#This Row],[MONTO3]]+Tabla3[[#This Row],[MONTO4]]+Tabla3[[#This Row],[MONTO5]]+Tabla3[[#This Row],[MONTO6]]+Tabla3[[#This Row],[MONTO7]]) -> 30000000 | S48: =R48-(R48*10%) -> 27000000 | T48: =(S48*1%) -> 270000 | U48: =(Tabla3[[#This Row],[TOTAL -10%]]*Tabla3[[#This Row],[FIDUCIA]]) -> 26730000 | V48: =(Tabla3[[#This Row],[TOTAL -10%]]*Tabla3[[#This Row],[NUBE]]) -> 0 | W48: SI | X48: FIDUCIA | Y48: 0.01 | Z48: 0.99 | AB48: =SUM(Y48:AA48) -> 1 | AC48: =IF(AB48="","",IF(AB48=100%,"OK","ERROR")) -> OK
A49: =(A48+1) -> 30 | B49: 52286781 | C49: LUCIA OSPINA IZQUIERDO | D49: 2 | E49: =(Tabla3[[#This Row],[CANT]]*5000000) -> 10000000 | H49: 1 | I49: 7500000 | R49: =(Tabla3[[#This Row],[MONTO]]+Tabla3[[#This Row],[MONTO2]]+Tabla3[[#This Row],[MONTO3]]+Tabla3[[#This Row],[MONTO4]]+Tabla3[[#This Row],[MONTO5]]+Tabla3[[#This Row],[MONTO6]]+Tabla3[[#This Row],[MONTO7]]) -> 17500000 | S49: =R49-(R49*10%) -> 15750000 | T49: =(S49*1%) -> 157500 | U49: =(Tabla3[[#This Row],[TOTAL -10%]]*Tabla3[[#This Row],[FIDUCIA]]) -> 15592500 | V49: =(Tabla3[[#This Row],[TOTAL -10%]]*Tabla3[[#This Row],[NUBE]]) -> 0 | W49: SI | X49: FIDUCIA | Y49: 0.01 | Z49: 0.99 | AB49: =SUM(Y49:AA49) -> 1 | AC49: =IF(AB49="","",IF(AB49=100%,"OK","ERROR")) -> OK
A50: =(A49+1) -> 31 | B50: 3209263 | C50: LUIS EDGAR HERNANDEZ MARTÍNEZ | D50: 8 | E50: =(Tabla3[[#This Row],[CANT]]*5000000) -> 40000000 | F50: 1 | G50: 10000000 | H50: 1 | I50: 7500000 | R50: =(Tabla3[[#This Row],[MONTO]]+Tabla3[[#This Row],[MONTO2]]+Tabla3[[#This Row],[MONTO3]]+Tabla3[[#This Row],[MONTO4]]+Tabla3[[#This Row],[MONTO5]]+Tabla3[[#This Row],[MONTO6]]+Tabla3[[#This Row],[MONTO7]]) -> 57500000 | S50: =R50-(R50*10%) -> 51750000 | T50: =(S50*1%) -> 517500 | U50: =(Tabla3[[#This Row],[TOTAL -10%]]*Tabla3[[#This Row],[FIDUCIA]]) -> 0 | V50: =(Tabla3[[#This Row],[TOTAL -10%]]*Tabla3[[#This Row],[NUBE]]) -> 51232500 | W50: SI | X50: NUBE | Y50: 0.01 | AA50: 0.99 | AB50: =SUM(Y50:AA50) -> 1 | AC50: =IF(AB50="","",IF(AB50=100%,"OK","ERROR")) -> OK
A51: =(A50+1) -> 32 | B51: 79427033 | C51: LUIS EDUARDO BARRERA TORRES | D51: 4 | E51: =(Tabla3[[#This Row],[CANT]]*5000000) -> 20000000 | R51: =(Tabla3[[#This Row],[MONTO]]+Tabla3[[#This Row],[MONTO2]]+Tabla3[[#This Row],[MONTO3]]+Tabla3[[#This Row],[MONTO4]]+Tabla3[[#This Row],[MONTO5]]+Tabla3[[#This Row],[MONTO6]]+Tabla3[[#This Row],[MONTO7]]) -> 20000000 | S51: =R51-(R51*10%) -> 18000000 | T51: =(S51*1%) -> 180000 | U51: =(Tabla3[[#This Row],[TOTAL -10%]]*Tabla3[[#This Row],[FIDUCIA]]) -> 17820000 | V51: =(Tabla3[[#This Row],[TOTAL -10%]]*Tabla3[[#This Row],[NUBE]]) -> 0 | W51: SI | X51: FIDUCIA | Y51: 0.01 | Z51: 0.99 | AB51: =SUM(Y51:AA51) -> 1 | AC51: =IF(AB51="","",IF(AB51=100%,"OK","ERROR")) -> OK
A52: =(A51+1) -> 33 | B52: 11312576 | C52: LUIS EDUARDO PEREZ LOZANO | D52: 3 | E52: =(Tabla3[[#This Row],[CANT]]*5000000) -> 15000000 | R52: =(Tabla3[[#This Row],[MONTO]]+Tabla3[[#This Row],[MONTO2]]+Tabla3[[#This Row],[MONTO3]]+Tabla3[[#This Row],[MONTO4]]+Tabla3[[#This Row],[MONTO5]]+Tabla3[[#This Row],[MONTO6]]+Tabla3[[#This Row],[MONTO7]]) -> 15000000 | S52: =R52-(R52*10%) -> 13500000 | T52: =(S52*1%) -> 135000 | U52: =(Tabla3[[#This Row],[TOTAL -10%]]*Tabla3[[#This Row],[FIDUCIA]]) -> 13365000 | V52: =(Tabla3[[#This Row],[TOTAL -10%]]*Tabla3[[#This Row],[NUBE]]) -> 0 | W52: SI | X52: FIDUCIA | Y52: 0.01 | Z52: 0.99 | AB52: =SUM(Y52:AA52) -> 1 | AC52: =IF(AB52="","",IF(AB52=100%,"OK","ERROR")) -> OK
A53: =(A52+1) -> 34 | B53: 1003517850 | C53: MANUEL STEBAN VARGAS UBAQUE | D53: 2 | E53: =(Tabla3[[#This Row],[CANT]]*5000000) -> 10000000 | H53: 1 | I53: 7500000 | R53: =(Tabla3[[#This Row],[MONTO]]+Tabla3[[#This Row],[MONTO2]]+Tabla3[[#This Row],[MONTO3]]+Tabla3[[#This Row],[MONTO4]]+Tabla3[[#This Row],[MONTO5]]+Tabla3[[#This Row],[MONTO6]]+Tabla3[[#This Row],[MONTO7]]) -> 17500000 | S53: =R53-(R53*10%) -> 15750000 | T53: =(S53*1%) -> 157500 | U53: =(Tabla3[[#This Row],[TOTAL -10%]]*Tabla3[[#This Row],[FIDUCIA]]) -> 15592500 | V53: =(Tabla3[[#This Row],[TOTAL -10%]]*Tabla3[[#This Row],[NUBE]]) -> 0 | W53: SI | X53: FIDUCIA | Y53: 0.01 | Z53: 0.99 | AB53: =SUM(Y53:AA53) -> 1 | AC53: =IF(AB53="","",IF(AB53=100%,"OK","ERROR")) -> OK
A54: =(A53+1) -> 35 | B54: 11303585 | C54: MARCO FIDEL BARRERO GARCÍA | D54: 2 | E54: =(Tabla3[[#This Row],[CANT]]*5000000) -> 10000000 | R54: =(Tabla3[[#This Row],[MONTO]]+Tabla3[[#This Row],[MONTO2]]+Tabla3[[#This Row],[MONTO3]]+Tabla3[[#This Row],[MONTO4]]+Tabla3[[#This Row],[MONTO5]]+Tabla3[[#This Row],[MONTO6]]+Tabla3[[#This Row],[MONTO7]]) -> 10000000 | S54: =R54-(R54*10%) -> 9000000 | T54: =(S54*1%) -> 90000 | U54: =(Tabla3[[#This Row],[TOTAL -10%]]*Tabla3[[#This Row],[FIDUCIA]]) -> 8910000 | V54: =(Tabla3[[#This Row],[TOTAL -10%]]*Tabla3[[#This Row],[NUBE]]) -> 0 | W54: SI | X54: FIDUCIA | Y54: 0.01 | Z54: 0.99 | AB54: =SUM(Y54:AA54) -> 1 | AC54: =IF(AB54="","",IF(AB54=100%,"OK","ERROR")) -> OK
A55: =(A54+1) -> 36 | B55: 51709795 | C55: MARIA LILIA LIEVANO ERAZO | D55: 21 | E55: =(Tabla3[[#This Row],[CANT]]*5000000) -> 105000000 | F55: 1 | R55: =(Tabla3[[#This Row],[MONTO]]+Tabla3[[#This Row],[MONTO2]]+Tabla3[[#This Row],[MONTO3]]+Tabla3[[#This Row],[MONTO4]]+Tabla3[[#This Row],[MONTO5]]+Tabla3[[#This Row],[MONTO6]]+Tabla3[[#This Row],[MONTO7]]) -> 105000000 | S55: =R55-(R55*10%) -> 94500000 | T55: =(S55*1%) -> 945000 | U55: =(Tabla3[[#This Row],[TOTAL -10%]]*Tabla3[[#This Row],[FIDUCIA]]) -> 93555000 | V55: =(Tabla3[[#This Row],[TOTAL -10%]]*Tabla3[[#This Row],[NUBE]]) -> 0 | W55: SI | X55: FIDUCIA | Y55: 0.01 | Z55: 0.99 | AB55: =SUM(Y55:AA55) -> 1 | AC55: =IF(AB55="","",IF(AB55=100%,"OK","ERROR")) -> OK
A56: =(A55+1) -> 37 | B56: 39577546 | C56: MARICELA MONCALEANO | D56: 16 | E56: =(Tabla3[[#This Row],[CANT]]*5000000) -> 80000000 | F56: 7 | G56: 70000000 | H56: 3 | I56: 22500000 | R56: =(Tabla3[[#This Row],[MONTO]]+Tabla3[[#This Row],[MONTO2]]+Tabla3[[#This Row],[MONTO3]]+Tabla3[[#This Row],[MONTO4]]+Tabla3[[#This Row],[MONTO5]]+Tabla3[[#This Row],[MONTO6]]+Tabla3[[#This Row],[MONTO7]]) -> 172500000 | S56: =R56-(R56*10%) -> 155250000 | T56: =(S56*1%) -> 1552500 | U56: =(Tabla3[[#This Row],[TOTAL -10%]]*Tabla3[[#This Row],[FIDUCIA]]) -> 0 | V56: =(Tabla3[[#This Row],[TOTAL -10%]]*Tabla3[[#This Row],[NUBE]]) -> 153697500 | W56: SI | X56: NUBE | Y56: 0.01 | AA56: 0.99 | AB56: =SUM(Y56:AA56) -> 1 | AC56: =IF(AB56="","",IF(AB56=100%,"OK","ERROR")) -> OK
A57: =(A56+1) -> 38 | B57: 39790944 | C57: MARTHA ELIZABETH JIMENEZ | D57: 12 | E57: =(Tabla3[[#This Row],[CANT]]*5000000) -> 60000000 | F57: 2 | G57: 70000000 | R57: =(Tabla3[[#This Row],[MONTO]]+Tabla3[[#This Row],[MONTO2]]+Tabla3[[#This Row],[MONTO3]]+Tabla3[[#This Row],[MONTO4]]+Tabla3[[#This Row],[MONTO5]]+Tabla3[[#This Row],[MONTO6]]+Tabla3[[#This Row],[MONTO7]]) -> 130000000 | S57: =R57-(R57*10%) -> 117000000 | T57: =(S57*1%) -> 1170000 | U57: =(Tabla3[[#This Row],[TOTAL -10%]]*Tabla3[[#This Row],[FIDUCIA]]) -> 115830000 | V57: =(Tabla3[[#This Row],[TOTAL -10%]]*Tabla3[[#This Row],[NUBE]]) -> 0 | W57: SI | X57: FIDUCIA | Y57: 0.01 | Z57: 0.99 | AB57: =SUM(Y57:AA57) -> 1 | AC57: =IF(AB57="","",IF(AB57=100%,"OK","ERROR")) -> OK
A58: =(A57+1) -> 39 | B58: 39567642 | C58: MARTHA LUCIA CALDERON NIÑO | D58: 11 | E58: =(Tabla3[[#This Row],[CANT]]*5000000) -> 55000000 | F58: 10 | G58: 70000000 | H58: 11 | I58: 45000000 | R58: =(Tabla3[[#This Row],[MONTO]]+Tabla3[[#This Row],[MONTO2]]+Tabla3[[#This Row],[MONTO3]]+Tabla3[[#This Row],[MONTO4]]+Tabla3[[#This Row],[MONTO5]]+Tabla3[[#This Row],[MONTO6]]+Tabla3[[#This Row],[MONTO7]]) -> 170000000 | S58: =R58-(R58*10%) -> 153000000 | T58: =(S58*1%) -> 1530000 | U58: =(Tabla3[[#This Row],[TOTAL -10%]]*Tabla3[[#This Row],[FIDUCIA]]) -> 0 | V58: =(Tabla3[[#This Row],[TOTAL -10%]]*Tabla3[[#This Row],[NUBE]]) -> 151470000 | W58: SI | X58: NUBE | Y58: 0.01 | AA58: 0.99 | AB58: =SUM(Y58:AA58) -> 1 | AC58: =IF(AB58="","",IF(AB58=100%,"OK","ERROR")) -> OK
A59: =(A58+1) -> 40 | B59: 55169200 | C59: MARTHA YANETH VELEZ CAMACHO | D59: 40 | E59: =(Tabla3[[#This Row],[CANT]]*5000000) -> 200000000 | F59: 9 | G59: 90000000 | H59: 3 | I59: 22500000 | J59: 5 | K59: 2500000 | R59: =(Tabla3[[#This Row],[MONTO]]+Tabla3[[#This Row],[MONTO2]]+Tabla3[[#This Row],[MONTO3]]+Tabla3[[#This Row],[MONTO4]]+Tabla3[[#This Row],[MONTO5]]+Tabla3[[#This Row],[MONTO6]]+Tabla3[[#This Row],[MONTO7]]) -> 315000000 | S59: =R59-(R59*10%) -> 283500000 | T59: =(S59*1%) -> 2835000 | U59: =(Tabla3[[#This Row],[TOTAL -10%]]*Tabla3[[#This Row],[FIDUCIA]]) -> 280665000 | V59: =(Tabla3[[#This Row],[TOTAL -10%]]*Tabla3[[#This Row],[NUBE]]) -> 0 | W59: SI | X59: FIDUCIA | Y59: 0.01 | Z59: 0.99 | AB59: =SUM(Y59:AA59) -> 1 | AC59: =IF(AB59="","",IF(AB59=100%,"OK","ERROR")) -> OK
A60: =(A59+1) -> 41 | B60: 39568234 | C60: MERCEDES RICHOUX GALINDO | D60: 3 | E60: =(Tabla3[[#This Row],[CANT]]*5000000) -> 15000000 | H60: 2 | I60: 15000000 | R60: =(Tabla3[[#This Row],[MONTO]]+Tabla3[[#This Row],[MONTO2]]+Tabla3[[#This Row],[MONTO3]]+Tabla3[[#This Row],[MONTO4]]+Tabla3[[#This Row],[MONTO5]]+Tabla3[[#This Row],[MONTO6]]+Tabla3[[#This Row],[MONTO7]]) -> 30000000 | S60: =R60-(R60*10%) -> 27000000 | T60: =(S60*1%) -> 270000 | U60: =(Tabla3[[#This Row],[TOTAL -10%]]*Tabla3[[#This Row],[FIDUCIA]]) -> 26730000 | V60: =(Tabla3[[#This Row],[TOTAL -10%]]*Tabla3[[#This Row],[NUBE]]) -> 0 | W60: SI | X60: FIDUCIA | Y60: 0.01 | Z60: 0.99 | AB60: =SUM(Y60:AA60) -> 1 | AC60: =IF(AB60="","",IF(AB60=100%,"OK","ERROR")) -> OK
A61: =(A60+1) -> 42 | B61: 19288893 | C61: MIGUEL IGNACIO BERMUDEZ CORTES | D61: 7 | E61: =(Tabla3[[#This Row],[CANT]]*5000000) -> 35000000 | R61: =(Tabla3[[#This Row],[MONTO]]+Tabla3[[#This Row],[MONTO2]]+Tabla3[[#This Row],[MONTO3]]+Tabla3[[#This Row],[MONTO4]]+Tabla3[[#This Row],[MONTO5]]+Tabla3[[#This Row],[MONTO6]]+Tabla3[[#This Row],[MONTO7]]) -> 35000000 | S61: =R61-(R61*10%) -> 31500000 | T61: =(S61*1%) -> 315000 | U61: =(Tabla3[[#This Row],[TOTAL -10%]]*Tabla3[[#This Row],[FIDUCIA]]) -> 31185000 | V61: =(Tabla3[[#This Row],[TOTAL -10%]]*Tabla3[[#This Row],[NUBE]]) -> 0 | W61: SI | X61: FIDUCIA | Y61: 0.01 | Z61: 0.99 | AB61: =SUM(Y61:AA61) -> 1 | AC61: =IF(AB61="","",IF(AB61=100%,"OK","ERROR")) -> OK
A62: =(A61+1) -> 43 | B62: 35253687 | C62: NELLY PILAR UBAQUE GUTIERREZ | D62: 19 | E62: =(Tabla3[[#This Row],[CANT]]*5000000) -> 95000000 | F62: 20 | G62: 150000000 | H62: 7 | I62: 52500000 | N62: 1 | O62: =(Tabla3[[#This Row],[CANT6]]*200000) -> 200000 | R62: =(Tabla3[[#This Row],[MONTO]]+Tabla3[[#This Row],[MONTO2]]+Tabla3[[#This Row],[MONTO3]]+Tabla3[[#This Row],[MONTO4]]+Tabla3[[#This Row],[MONTO5]]+Tabla3[[#This Row],[MONTO6]]+Tabla3[[#This Row],[MONTO7]]) -> 297700000 | S62: =R62-(R62*10%) -> 267930000 | T62: =(S62*1%) -> 2679300 | U62: =(Tabla3[[#This Row],[TOTAL -10%]]*Tabla3[[#This Row],[FIDUCIA]]) -> 265250700 | V62: =(Tabla3[[#This Row],[TOTAL -10%]]*Tabla3[[#This Row],[NUBE]]) -> 0 | W62: SI | X62: FIDUCIA | Y62: 0.01 | Z62: 0.99 | AB62: =SUM(Y62:AA62) -> 1 | AC62: =IF(AB62="","",IF(AB62=100%,"OK","ERROR")) -> OK
A63: =(A62+1) -> 44 | B63: 1069733480 | C63: NICOLAS FELIPE VARGAS UBAQUE | D63: 2 | E63: =(Tabla3[[#This Row],[CANT]]*5000000) -> 10000000 | H63: 1 | I63: 7500000 | R63: =(Tabla3[[#This Row],[MONTO]]+Tabla3[[#This Row],[MONTO2]]+Tabla3[[#This Row],[MONTO3]]+Tabla3[[#This Row],[MONTO4]]+Tabla3[[#This Row],[MONTO5]]+Tabla3[[#This Row],[MONTO6]]+Tabla3[[#This Row],[MONTO7]]) -> 17500000 | S63: =R63-(R63*10%) -> 15750000 | T63: =(S63*1%) -> 157500 | U63: =(Tabla3[[#This Row],[TOTAL -10%]]*Tabla3[[#This Row],[FIDUCIA]]) -> 15592500 | V63: =(Tabla3[[#This Row],[TOTAL -10%]]*Tabla3[[#This Row],[NUBE]]) -> 0 | W63: SI | X63: FIDUCIA | Y63: 0.01 | Z63: 0.99 | AB63: =SUM(Y63:AA63) -> 1 | AC63: =IF(AB63="","",IF(AB63=100%,"OK","ERROR")) -> OK
A64: =(A63+1) -> 45 | B64: 52774800 | C64: NORMA CONSTANZA PACHON BAQUERO | D64: 3 | E64: =(Tabla3[[#This Row],[CANT]]*5000000) -> 15000000 | F64: 1 | G64: 10000000 | H64: 1 | I64: 7500000 | R64: =(Tabla3[[#This Row],[MONTO]]+Tabla3[[#This Row],[MONTO2]]+Tabla3[[#This Row],[MONTO3]]+Tabla3[[#This Row],[MONTO4]]+Tabla3[[#This Row],[MONTO5]]+Tabla3[[#This Row],[MONTO6]]+Tabla3[[#This Row],[MONTO7]]) -> 32500000 | S64: =R64-(R64*10%) -> 29250000 | T64: =(S64*1%) -> 292500 | U64: =(Tabla3[[#This Row],[TOTAL -10%]]*Tabla3[[#This Row],[FIDUCIA]]) -> 28957500 | V64: =(Tabla3[[#This Row],[TOTAL -10%]]*Tabla3[[#This Row],[NUBE]]) -> 0 | W64: SI | X64: FIDUCIA | Y64: 0.01 | Z64: 0.99 | AB64: =SUM(Y64:AA64) -> 1 | AC64: =IF(AB64="","",IF(AB64=100%,"OK","ERROR")) -> OK
A65: =(A64+1) -> 46 | B65: 11223414 | C65: OSCAR DAVID RODRIGUEZ CHARRY | D65: 2 | E65: =(Tabla3[[#This Row],[CANT]]*5000000) -> 10000000 | F65: 3 | G65: 30000000 | H65: 3 | I65: 22500000 | R65: =(Tabla3[[#This Row],[MONTO]]+Tabla3[[#This Row],[MONTO2]]+Tabla3[[#This Row],[MONTO3]]+Tabla3[[#This Row],[MONTO4]]+Tabla3[[#This Row],[MONTO5]]+Tabla3[[#This Row],[MONTO6]]+Tabla3[[#This Row],[MONTO7]]) -> 62500000 | S65: =R65-(R65*10%) -> 56250000 | T65: =(S65*1%) -> 562500 | U65: =(Tabla3[[#This Row],[TOTAL -10%]]*Tabla3[[#This Row],[FIDUCIA]]) -> 55687500 | V65: =(Tabla3[[#This Row],[TOTAL -10%]]*Tabla3[[#This Row],[NUBE]]) -> 0 | W65: SI | X65: FIDUCIA | Y65: 0.01 | Z65: 0.99 | AB65: =SUM(Y65:AA65) -> 1 | AC65: =IF(AB65="","",IF(AB65=100%,"OK","ERROR")) -> OK
A66: =(A65+1) -> 47 | B66: 1003515620 | C66: PAULA DANIELA VARGAS UBAQUE | D66: 22 | E66: =(Tabla3[[#This Row],[CANT]]*5000000) -> 110000000 | F66: 3 | G66: 30000000 | H66: 4 | I66: 30000000 | R66: =(Tabla3[[#This Row],[MONTO]]+Tabla3[[#This Row],[MONTO2]]+Tabla3[[#This Row],[MONTO3]]+Tabla3[[#This Row],[MONTO4]]+Tabla3[[#This Row],[MONTO5]]+Tabla3[[#This Row],[MONTO6]]+Tabla3[[#This Row],[MONTO7]]) -> 170000000 | S66: =R66-(R66*10%) -> 153000000 | T66: =(S66*1%) -> 1530000 | U66: =(Tabla3[[#This Row],[TOTAL -10%]]*Tabla3[[#This Row],[FIDUCIA]]) -> 151470000 | V66: =(Tabla3[[#This Row],[TOTAL -10%]]*Tabla3[[#This Row],[NUBE]]) -> 0 | W66: SI | X66: FIDUCIA | Y66: 0.01 | Z66: 0.99 | AB66: =SUM(Y66:AA66) -> 1 | AC66: =IF(AB66="","",IF(AB66=100%,"OK","ERROR")) -> OK
A67: =(A66+1) -> 48 | B67: 11314129 | C67: RODRIGO ARIEL CHAMORRO CARRIZOSA | D67: 3 | E67: =(Tabla3[[#This Row],[CANT]]*5000000) -> 15000000 | H67: 2 | I67: 15000000 | R67: =(Tabla3[[#This Row],[MONTO]]+Tabla3[[#This Row],[MONTO2]]+Tabla3[[#This Row],[MONTO3]]+Tabla3[[#This Row],[MONTO4]]+Tabla3[[#This Row],[MONTO5]]+Tabla3[[#This Row],[MONTO6]]+Tabla3[[#This Row],[MONTO7]]) -> 30000000 | S67: =R67-(R67*10%) -> 27000000 | T67: =(S67*1%) -> 270000 | U67: =(Tabla3[[#This Row],[TOTAL -10%]]*Tabla3[[#This Row],[FIDUCIA]]) -> 26730000 | V67: =(Tabla3[[#This Row],[TOTAL -10%]]*Tabla3[[#This Row],[NUBE]]) -> 0 | W67: SI | X67: FIDUCIA | Y67: 0.01 | Z67: 0.99 | AB67: =SUM(Y67:AA67) -> 1 | AC67: =IF(AB67="","",IF(AB67=100%,"OK","ERROR")) -> OK
A68: =(A67+1) -> 49 | B68: 51722032 | C68: ROSMERY CASTILLO CORRALES | D68: 17 | E68: =(Tabla3[[#This Row],[CANT]]*5000000) -> 85000000 | F68: 8 | G68: 80000000 | H68: 2 | I68: 15000000 | R68: =(Tabla3[[#This Row],[MONTO]]+Tabla3[[#This Row],[MONTO2]]+Tabla3[[#This Row],[MONTO3]]+Tabla3[[#This Row],[MONTO4]]+Tabla3[[#This Row],[MONTO5]]+Tabla3[[#This Row],[MONTO6]]+Tabla3[[#This Row],[MONTO7]]) -> 180000000 | S68: =R68-(R68*10%) -> 162000000 | T68: =(S68*1%) -> 1620000 | U68: =(Tabla3[[#This Row],[TOTAL -10%]]*Tabla3[[#This Row],[FIDUCIA]]) -> 0 | V68: =(Tabla3[[#This Row],[TOTAL -10%]]*Tabla3[[#This Row],[NUBE]]) -> 160380000 | W68: SI | X68: NUBE | Y68: 0.01 | AA68: 0.99 | AB68: =SUM(Y68:AA68) -> 1 | AC68: =IF(AB68="","",IF(AB68=100%,"OK","ERROR")) -> OK
A69: =(A68+1) -> 50 | B69: 39568047 | C69: SANDRA LISSET HERRERA OSORIO | D69: 2 | E69: =(Tabla3[[#This Row],[CANT]]*5000000) -> 10000000 | F69: 1 | G69: 10000000 | H69: 1 | I69: 7500000 | R69: =(Tabla3[[#This Row],[MONTO]]+Tabla3[[#This Row],[MONTO2]]+Tabla3[[#This Row],[MONTO3]]+Tabla3[[#This Row],[MONTO4]]+Tabla3[[#This Row],[MONTO5]]+Tabla3[[#This Row],[MONTO6]]+Tabla3[[#This Row],[MONTO7]]) -> 27500000 | S69: =R69-(R69*10%) -> 24750000 | T69: =(S69*1%) -> 247500 | U69: =(Tabla3[[#This Row],[TOTAL -10%]]*Tabla3[[#This Row],[FIDUCIA]]) -> 24502500 | V69: =(Tabla3[[#This Row],[TOTAL -10%]]*Tabla3[[#This Row],[NUBE]]) -> 0 | W69: SI | X69: FIDUCIA | Y69: 0.01 | Z69: 0.99 | AB69: =SUM(Y69:AA69) -> 1 | AC69: =IF(AB69="","",IF(AB69=100%,"OK","ERROR")) -> OK
A70: =(A69+1) -> 51 | B70: 1071988369 | C70: SARINA SERNA BURITICA | D70: 2 | E70: =(Tabla3[[#This Row],[CANT]]*5000000) -> 10000000 | H70: 2 | I70: 15000000 | R70: =(Tabla3[[#This Row],[MONTO]]+Tabla3[[#This Row],[MONTO2]]+Tabla3[[#This Row],[MONTO3]]+Tabla3[[#This Row],[MONTO4]]+Tabla3[[#This Row],[MONTO5]]+Tabla3[[#This Row],[MONTO6]]+Tabla3[[#This Row],[MONTO7]]) -> 25000000 | S70: =R70-(R70*10%) -> 22500000 | T70: =(S70*1%) -> 225000 | U70: =(Tabla3[[#This Row],[TOTAL -10%]]*Tabla3[[#This Row],[FIDUCIA]]) -> 22275000 | V70: =(Tabla3[[#This Row],[TOTAL -10%]]*Tabla3[[#This Row],[NUBE]]) -> 0 | W70: SI | X70: FIDUCIA | Y70: 0.01 | Z70: 0.99 | AB70: =SUM(Y70:AA70) -> 1 | AC70: =IF(AB70="","",IF(AB70=100%,"OK","ERROR")) -> OK
A71: =(A70+1) -> 52 | B71: 1070610815 | C71: STEPHANIE ALEXANDRA OVALLE CALDERON | D71: 10 | E71: =(Tabla3[[#This Row],[CANT]]*5000000) -> 50000000 | F71: 15 | G71: 150000000 | H71: 9 | I71: 67500000 | J71: 1 | K71: 500000 | R71: =(Tabla3[[#This Row],[MONTO]]+Tabla3[[#This Row],[MONTO2]]+Tabla3[[#This Row],[MONTO3]]+Tabla3[[#This Row],[MONTO4]]+Tabla3[[#This Row],[MONTO5]]+Tabla3[[#This Row],[MONTO6]]+Tabla3[[#This Row],[MONTO7]]) -> 268000000 | S71: =R71-(R71*10%) -> 241200000 | T71: =(S71*1%) -> 2412000 | U71: =(Tabla3[[#This Row],[TOTAL -10%]]*Tabla3[[#This Row],[FIDUCIA]]) -> 0 | V71: =(Tabla3[[#This Row],[TOTAL -10%]]*Tabla3[[#This Row],[NUBE]]) -> 238788000 | W71: SI | X71: NUBE | Y71: 0.01 | AA71: 0.99 | AB71: =SUM(Y71:AA71) -> 1 | AC71: =IF(AB71="","",IF(AB71=100%,"OK","ERROR")) -> OK
A72: =(A71+1) -> 53 | B72: 41602697 | C72: TERESA LIEVANO ERAZO | D72: 2 | E72: =(Tabla3[[#This Row],[CANT]]*5000000) -> 10000000 | F72: 1 | G72: 10000000 | R72: =(Tabla3[[#This Row],[MONTO]]+Tabla3[[#This Row],[MONTO2]]+Tabla3[[#This Row],[MONTO3]]+Tabla3[[#This Row],[MONTO4]]+Tabla3[[#This Row],[MONTO5]]+Tabla3[[#This Row],[MONTO6]]+Tabla3[[#This Row],[MONTO7]]) -> 20000000 | S72: =R72-(R72*10%) -> 18000000 | T72: =(S72*1%) -> 180000 | U72: =(Tabla3[[#This Row],[TOTAL -10%]]*Tabla3[[#This Row],[FIDUCIA]]) -> 17820000 | V72: =(Tabla3[[#This Row],[TOTAL -10%]]*Tabla3[[#This Row],[NUBE]]) -> 0 | W72: SI | X72: FIDUCIA | Y72: 0.01 | Z72: 0.99 | AB72: =SUM(Y72:AA72) -> 1 | AC72: =IF(AB72="","",IF(AB72=100%,"OK","ERROR")) -> OK
A73: =(A72+1) -> 54 | B73: 80384286 | C73: URIEL HERNANDEZ MARTINEZ | D73: 2 | E73: =(Tabla3[[#This Row],[CANT]]*5000000) -> 10000000 | R73: =(Tabla3[[#This Row],[MONTO]]+Tabla3[[#This Row],[MONTO2]]+Tabla3[[#This Row],[MONTO3]]+Tabla3[[#This Row],[MONTO4]]+Tabla3[[#This Row],[MONTO5]]+Tabla3[[#This Row],[MONTO6]]+Tabla3[[#This Row],[MONTO7]]) -> 10000000 | S73: =R73-(R73*10%) -> 9000000 | T73: =(S73*1%) -> 90000 | U73: =(Tabla3[[#This Row],[TOTAL -10%]]*Tabla3[[#This Row],[FIDUCIA]]) -> 0 | V73: =(Tabla3[[#This Row],[TOTAL -10%]]*Tabla3[[#This Row],[NUBE]]) -> 8910000 | W73: SI | X73: NUBE | Y73: 0.01 | AA73: 0.99 | AB73: =SUM(Y73:AA73) -> 1
A74: =(A73+1) -> 55 | B74: 39566851 | C74: VICTORIA RICHAUX GALINDO | D74: 1 | E74: =(Tabla3[[#This Row],[CANT]]*5000000) -> 5000000 | F74: 3 | G74: 30000000 | H74: 1 | I74: 7500000 | R74: =(Tabla3[[#This Row],[MONTO]]+Tabla3[[#This Row],[MONTO2]]+Tabla3[[#This Row],[MONTO3]]+Tabla3[[#This Row],[MONTO4]]+Tabla3[[#This Row],[MONTO5]]+Tabla3[[#This Row],[MONTO6]]+Tabla3[[#This Row],[MONTO7]]) -> 42500000 | S74: =R74-(R74*10%) -> 38250000 | T74: =(S74*1%) -> 382500 | U74: =(Tabla3[[#This Row],[TOTAL -10%]]*Tabla3[[#This Row],[FIDUCIA]]) -> 37867500 | V74: =(Tabla3[[#This Row],[TOTAL -10%]]*Tabla3[[#This Row],[NUBE]]) -> 0 | W74: SI | X74: FIDUCIA | Y74: 0.01 | Z74: 0.99 | AB74: =SUM(Y74:AA74) -> 1 | AC74: =IF(AB74="","",IF(AB74=100%,"OK","ERROR")) -> OK
A75: =(A74+1) -> 56 | B75: 1010032581 | C75: YULIANA OSPINA SALAZAR | D75: 2 | E75: =(Tabla3[[#This Row],[CANT]]*5000000) -> 10000000 | R75: =(Tabla3[[#This Row],[MONTO]]+Tabla3[[#This Row],[MONTO2]]+Tabla3[[#This Row],[MONTO3]]+Tabla3[[#This Row],[MONTO4]]+Tabla3[[#This Row],[MONTO5]]+Tabla3[[#This Row],[MONTO6]]+Tabla3[[#This Row],[MONTO7]]) -> 10000000 | S75: =R75-(R75*10%) -> 9000000 | T75: =(S75*1%) -> 90000 | U75: =(Tabla3[[#This Row],[TOTAL -10%]]*Tabla3[[#This Row],[FIDUCIA]]) -> 8910000 | V75: =(Tabla3[[#This Row],[TOTAL -10%]]*Tabla3[[#This Row],[NUBE]]) -> 0 | W75: SI | X75: FIDUCIA | Y75: 0.01 | Z75: 0.99 | AB75: =SUM(Y75:AA75) -> 1 | AC75: =IF(AB75="","",IF(AB75=100%,"OK","ERROR")) -> OK

Sheet RESUMEN INDIVIDUAL
O3: FECHA
O4: =TODAY() -> 46288
E5: LIDER: | F5: =('MATRIZ LISTADO'!D16) -> ELIZABETH QUIROGA | O5: Consulta con el valor del dólar (TRM) Aquí | Q5: https://www.dolar-colombia.com/
O6: 3192.92
E7: NOMBRE | F7: =IFERROR(VLOOKUP(F8,'MATRIZ LISTADO'!B19:C75,2,0),"") -> CARLOS ERNESTO PAZ CABAL | L7: =('RESUMEN INDIVIDUAL'!F7) -> CARLOS ERNESTO PAZ CABAL
E8: CC/ID/DNI | F8: 16266851 | L8: PAGO CON DESCUENTOS | P8: PESOS COLOMBIANOS
L9: PAGO TOTAL | O9: -0.1 | P9: =(G26*O6) -> 158049540000
L10: 0.01 | O10: BANCO | P10: =(I14*O6) -> 1580495400
F11: CANT | G11: PAGO | I11: ORDEN DE PAGOS | L11: =IFERROR(VLOOKUP(F8,'MATRIZ LISTADO'!B19:AB75,25,0),"") -> 0.99 | O11: FIDUCIA | P11: =(I18*O6) -> 156469044600
E12: QUINTILLION | F12: =IFERROR(VLOOKUP($F$8,Tabla3[[#All],[CC-ID-DNI]:[CANT]],3,0),"") -> 2 | G12: =(F12*5000000) -> 10000000 | I12: 1% PAGO BANCO | L12: =IFERROR(VLOOKUP(F8,'MATRIZ LISTADO'!B19:AB75,26,0),"") -> 0 | O12: NUBE | P12: =(I22*O6) -> 0
E14: NONGENTILLION | F14: =IFERROR(VLOOKUP($F$8,Tabla3[[CC-ID-DNI]:[1% PAGO INICIAL]],5,0),"") -> 3 | G14: =(F14*10000000) -> 30000000 | I14: =(G26*1%) -> 495000
E16: VIGINTILLION | F16: =IFERROR(VLOOKUP($F$8,Tabla3[[CC-ID-DNI]:[1% PAGO INICIAL]],7,0),"") -> 2 | G16: =(F16*7500000) -> 15000000 | I16: FIDUCIA
E18: MONEDA DE ZIM | F18: =IFERROR(VLOOKUP($F$8,Tabla3[[CC-ID-DNI]:[1% PAGO INICIAL]],9,0),"") -> 0 | G18: =(F18*500000) -> 0 | I18: =IFERROR(VLOOKUP(F8,Tabla3[[#All],[CC-ID-DNI]:[% NUBE]],20,0),"") -> 49005000
E20: AGROCHEQUE ZIM | F20: =IFERROR(VLOOKUP($F$8,Tabla3[[CC-ID-DNI]:[1% PAGO INICIAL]],13,0),"") -> 0 | G20: =(F20*200000) -> 0 | I20: NUBE
I22: =IFERROR(VLOOKUP(F8,Tabla3[[#All],[CC-ID-DNI]:[% NUBE]],21,0),"") -> 0
E24: TOTAL | G24: TOTAL -10%
E26: =SUM(G12:G22) -> 55000000 | G26: =E26-(E26*10%) -> 49500000
